CIESINCODE_GPW,ISOCODE_GPW,Location_GPW,location_id_GBD,ISOCODE_GBD,Location_GBD,GBD_GPW,location_name_GBD,cause_id_GBD,cause_name_GBD,num_val,num_upper,num_lower,pop_25plus_GBD,rate_country_25plus_val,rate_country_25plus_val_upper,rate_country_25plus_val_lower
4,AFG,Afghanistan,160,AFG,Afghanistan,Y,Afghanistan,409,Non-communicable diseases,90285.42888800001,102168.17676300001,79495.99251899999,9483107.991136929,952.0658097786326,1077.3701708183444,838.2904907684091
8,ALB,Albania,43,ALB,Albania,Y,Albania,409,Non-communicable diseases,18945.57757034,21869.317811,16323.126698930002,1784176.817079461,1061.8665924239633,1225.7371355602597,914.88279315553
12,DZA,Algeria,139,DZA,Algeria,Y,Algeria,409,Non-communicable diseases,123921.22719800001,128333.22993199999,118901.36173120001,21727276.79201871,570.3486377249135,590.6549226598976,547.2446587272142
16,ASM,American Samoa,298,ASM,American Samoa,Y,American Samoa,409,Non-communicable diseases,257.457889763,277.66574790799996,236.090288418,26535.112155653555,970.25363319652,1046.408797065667,889.7278708795612
20,AND,Andorra,74,AND,Andorra,Y,Andorra,409,Non-communicable diseases,469.086398497,511.30234046400005,427.182893737,58398.97346214688,803.244253601569,875.533096134672,731.4904156900839
24,AGO,Angola,168,AGO,Angola,Y,Angola,409,Non-communicable diseases,49456.8371241,56486.700068,42583.1870115,9066375.41313477,545.4973445336288,623.0350883790426,469.68259167614286
28,ATG,Antigua and Barbuda,105,ATG,Antigua and Barbuda,Y,Antigua and Barbuda,409,Non-communicable diseases,446.12236469699997,467.13038950399994,421.99985029600003,55206.6099837505,808.0959233474243,846.1493825494719,764.400948401308
32,ARG,Argentina,97,ARG,Argentina,Y,Argentina,409,Non-communicable diseases,256717.75195200002,260073.72268200002,253253.69935429998,25625737.406058732,1001.7965449505615,1014.8926392280536,988.2786799119499
51,ARM,Armenia,33,ARM,Armenia,Y,Armenia,409,Non-communicable diseases,25498.34697523,25768.70291838,25227.93575795,2021279.0890744142,1261.495610035041,1274.8710980916558,1248.1173873669468
36,AUS,Australia,71,AUS,Australia,Y,Australia,409,Non-communicable diseases,143743.4843091,144924.942829,142606.6735234,15840093.370407825,907.4661427036722,914.924801515035,900.2893492396654
40,AUT,Austria,75,AUT,Austria,Y,Austria,409,Non-communicable diseases,74541.1847246,75346.84280370001,73712.2838037,6403922.750233362,1163.9925656798978,1176.573262083062,1151.0489223345783
31,AZE,Azerbaijan,34,AZE,Azerbaijan,Y,Azerbaijan,409,Non-communicable diseases,59408.464407199994,61680.1911043,57138.9019404,5955914.563902829,997.4700571975708,1035.612422618128,959.364029274417
48,BHR,Bahrain,140,BHR,Bahrain,Y,Bahrain,409,Non-communicable diseases,2383.6253920599997,2536.8359429700004,2236.30168009,992310.4209377564,240.20965030352278,255.64943080741122,225.36311550337675
50,BGD,Bangladesh,161,BGD,Bangladesh,Y,Bangladesh,409,Non-communicable diseases,572526.346625,618798.122885,527147.3683819999,77145349.0631529,742.1398095643034,802.1198042391877,683.31710826853
52,BRB,Barbados,107,BRB,Barbados,Y,Barbados,409,Non-communicable diseases,2241.654344284,2341.1094549789996,2137.018280449,200736.6336235776,1116.7141262753078,1166.259198791318,1064.5880833372687
112,BLR,Belarus,57,BLR,Belarus,Y,Belarus,409,Non-communicable diseases,107920.8526329,108975.84359960002,106850.14297459999,6952681.573874132,1552.2191184251947,1567.3929899090308,1536.8191659475294
56,BEL,Belgium,76,BEL,Belgium,Y,Belgium,409,Non-communicable diseases,93803.08985810001,94822.5447273,92774.49530514999,7987096.481388909,1174.4329128447966,1187.1966859077045,1161.5547091653143
84,BLZ,Belize,108,BLZ,Belize,Y,Belize,409,Non-communicable diseases,1087.30843577,1115.15595182,1060.11839166,177413.84056458235,612.8656210303936,628.5619815631351,597.5398471091069
204,BEN,Benin,200,BEN,Benin,Y,Benin,409,Non-communicable diseases,21623.799151299998,25437.4779269,18411.0015384,3789770.467949361,570.5833462521175,671.2142105182476,485.807826466128
60,BMU,Bermuda,305,BMU,Bermuda,Y,Bermuda,409,Non-communicable diseases,449.31355770899995,474.8740301170001,425.917065332,48990.84018891467,917.1378894021656,969.311871945506,869.3810183487601
64,BTN,Bhutan,162,BTN,Bhutan,Y,Bhutan,409,Non-communicable diseases,2643.7053651300002,3064.67342545,2177.06948783,480791.24593474047,549.8655367549766,637.4228839153988,452.8097186123688
68,BOL,Bolivia (Plurinational State of),121,BOL,Bolivia,Y,Bolivia,409,Non-communicable diseases,41812.266213899995,48626.7806943,34967.576815299995,5346740.951089974,782.0140642006651,909.4658061634176,653.9979612846512
70,BIH,Bosnia and Herzegovina,44,BIH,Bosnia and Herzegovina,Y,Bosnia and Herzegovina,409,Non-communicable diseases,34838.75382282,35333.294331,34350.93980326,2523871.748166636,1380.369420440131,1399.9639386060892,1361.0414169504786
72,BWA,Botswana,193,BWA,Botswana,Y,Botswana,409,Non-communicable diseases,6286.680836539999,7054.80842881,5703.49106556,1090492.9507773388,576.498989017641,646.9375545968549,523.0195263063705
76,BRA,Brazil,135,BRA,Brazil,Y,Brazil,409,Non-communicable diseases,916387.0294890001,921300.97948,911422.413289,125548093.48307969,729.9091559781456,733.823154076143,725.954801863904
96,BRN,Brunei Darussalam,66,BRN,Brunei,Y,Brunei,409,Non-communicable diseases,1376.1192319299998,1469.20544404,1290.0863785299998,247903.14623632634,555.1035768695505,592.6530043468689,520.3993568117764
100,BGR,Bulgaria,45,BGR,Bulgaria,Y,Bulgaria,409,Non-communicable diseases,101473.7531382,102391.8916944,100572.3020982,5466518.120720613,1856.2776322567722,1873.0733061377357,1839.7872261135442
854,BFA,Burkina Faso,201,BFA,Burkina Faso,Y,Burkina Faso,409,Non-communicable diseases,43945.108094799994,49449.165724,38834.878556200005,6908366.862437826,636.1142795374454,715.786620899724,562.1426790078712
108,BDI,Burundi,175,BDI,Burundi,Y,Burundi,409,Non-communicable diseases,20298.046723400003,23631.2442377,17197.287294499998,3613127.14900831,561.7861172965136,654.0385450920551,475.96684493154675
116,KHM,Cambodia,10,KHM,Cambodia,Y,Cambodia,409,Non-communicable diseases,57318.3766668,63863.0998528,51879.07039529999,7624317.218621697,751.7837338510144,837.6238556394298,680.4421813482538
120,CMR,Cameroon,202,CMR,Cameroon,Y,Cameroon,409,Non-communicable diseases,57264.58468000001,67740.37543900001,47773.511338000004,9526752.519018685,601.0923928765876,711.0542160486151,501.4669085045254
124,CAN,Canada,101,CAN,Canada,Y,Canada,409,Non-communicable diseases,238361.55924909998,240290.1901598,236514.9200339,25006588.10681183,953.1950469651233,960.9075381792874,945.8104361285217
132,CPV,Cape Verde,203,CPV,Cape Verde,Y,Cape Verde,409,Non-communicable diseases,1858.96313883,1946.39171985,1767.49811752,271759.31581595977,684.0476225252652,716.2189505835123,650.3909947716314
140,CAF,Central African Republic,169,CAF,Central African Republic,Y,Central African Republic,409,Non-communicable diseases,14546.04225,17198.8852771,11839.0769649,1732651.19537901,839.5251328596531,992.6340236840235,683.2925747822113
148,TCD,Chad,204,TCD,Chad,Y,Chad,409,Non-communicable diseases,27695.244730700004,31633.7064796,24026.3127244,4289495.913766112,645.6526661284075,737.4690899711358,560.1197251941257
152,CHL,Chile,98,CHL,Chile,Y,Chile,409,Non-communicable diseases,88003.8566605,88825.89212070001,87171.6376548,11204020.420886949,785.4667642022497,792.8037328020886,778.0389037161286
156,CHN,China,6,CHN,China,Y,China,409,Non-communicable diseases,8875500.3794,9117003.756550001,8635696.92008,994247589.3839508,892.6851293548904,916.9751934927012,868.5660405202284
344,HKG,China Hong Kong Special Administrative Region,6,HKG,China,N,China,409,Non-communicable diseases,8875500.3794,9117003.756550001,8635696.92008,994247589.3839508,892.6851293548904,916.9751934927012,868.5660405202284
446,MAC,China Macao Special Administrative Region,6,MAC,China,N,China,409,Non-communicable diseases,8875500.3794,9117003.756550001,8635696.92008,994247589.3839508,892.6851293548904,916.9751934927012,868.5660405202284
170,COL,Colombia,125,COL,Colombia,Y,Colombia,409,Non-communicable diseases,161165.070558,162785.531924,159468.609283,27570007.665938105,584.566651234974,590.444275157444,578.4133657678252
174,COM,Comoros,176,COM,Comoros,Y,Comoros,409,Non-communicable diseases,2215.42455583,2535.7479761500003,1933.1018777499999,311694.5291210706,710.767866884654,813.5362475884353,620.191147788523
178,COG,Congo,170,COG,Congo,Y,Congo,409,Non-communicable diseases,14155.2674636,16261.1710735,12089.119027699999,2058865.7397087996,687.5274667303989,789.8121164423251,587.1737430246351
188,CRI,Costa Rica,126,CRI,Costa Rica,Y,Costa Rica,409,Non-communicable diseases,17203.3567768,17465.8026953,16942.9316766,2699394.8125499953,637.3042096998316,647.0266081159448,627.6566731857496
384,CIV,Cote d'Ivoire,205,CIV,Cote d'Ivoire,Y,Cote d'Ivoire,409,Non-communicable diseases,51152.7954,58932.441854,44021.059383,9428621.992960483,542.5267386707333,625.037697958404,466.8875198927969
191,HRV,Croatia,46,HRV,Croatia,Y,Croatia,409,Non-communicable diseases,49857.94912285,50494.98137132,49227.251316580005,3176469.311781031,1569.602732755346,1589.6574597475872,1549.7474234680556
192,CUB,Cuba,109,CUB,Cuba,Y,Cuba,409,Non-communicable diseases,83955.84466830001,84865.46224600001,83071.0106502,8044851.501958094,1043.5971956457543,1054.9040243358627,1032.598434290313
196,CYP,Cyprus,77,CYP,Cyprus,Y,Cyprus,409,Non-communicable diseases,6589.95694785,6979.30973963,6246.102297809999,865254.3664198235,761.6207676729061,806.6194185772675,721.880471248541
203,CZE,Czech Republic,47,CZE,Czech Republic,Y,Czech Republic,409,Non-communicable diseases,99318.975751,100263.23568430002,98312.23557419999,7895174.35233182,1257.9706453432077,1269.9306083682309,1245.2193097567722
180,COD,Democratic Republic of the Congo,171,COD,Democratic Republic of the Congo,Y,Democratic Republic of the Congo,409,Non-communicable diseases,173626.696213,202560.594157,147013.438429,27917827.01170261,621.9205246175466,725.5600304138662,526.5934141914943
208,DNK,Denmark,78,DNK,Denmark,Y,Denmark,409,Non-communicable diseases,46220.46287057,46835.8950184,45609.39015111,3970699.2786174724,1164.0383627002636,1179.5377018505274,1148.648813490363
262,DJI,Djibouti,177,DJI,Djibouti,Y,Djibouti,409,Non-communicable diseases,2487.4426544899998,3307.2184396899997,1837.4074761699999,498499.6987330162,498.9857889206491,663.4343908523126,368.5874797597558
212,DMA,Dominica,110,DMA,Dominica,Y,Dominica,409,Non-communicable diseases,558.830049861,582.0350632880001,535.2105350500001,42143.91916522749,1326.0039904453995,1381.0653465950818,1269.959096475291
214,DOM,Dominican Republic,111,DOM,Dominican Republic,Y,Dominican Republic,409,Non-communicable diseases,44565.176586999994,47973.7867388,41303.3053403,5459023.208845405,816.3580714364764,878.7979992659999,756.6061502243684
218,ECU,Ecuador,122,ECU,Ecuador,Y,Ecuador,409,Non-communicable diseases,57171.7087893,59462.1978295,54846.1262565,8379877.603461576,682.249926486795,709.5831304855484,654.4979396100493
818,EGY,Egypt,141,EGY,Egypt,Y,Egypt,409,Non-communicable diseases,361742.48118,370240.246123,352359.641229,43917445.94116089,823.6874286010401,843.0368346534435,802.3227072473193
222,SLV,El Salvador,127,SLV,El Salvador,Y,El Salvador,409,Non-communicable diseases,28727.3128095,31266.4563815,26282.8052713,3096075.647562256,927.862109316318,1009.8737867118375,848.9070766728255
226,GNQ,Equatorial Guinea,172,GNQ,Equatorial Guinea,Y,Equatorial Guinea,409,Non-communicable diseases,1893.01777049,2637.6751465300003,1308.3368860799999,428132.5696312869,442.1569169849167,616.0884113071797,305.59153376412263
232,ERI,Eritrea,178,ERI,Eritrea,Y,Eritrea,409,Non-communicable diseases,13520.449172000002,16066.1590397,11091.0096039,2092145.1307003845,646.2481485437762,767.9275593238389,530.1262059285093
233,EST,Estonia,58,EST,Estonia,Y,Estonia,409,Non-communicable diseases,13914.96107578,14239.25577207,13591.494331419999,965949.9588944976,1440.5467848153623,1474.1194034902621,1407.0598798901633
231,ETH,Ethiopia,179,ETH,Ethiopia,Y,Ethiopia,409,Non-communicable diseases,157837.65944999998,169430.424335,144919.472038,33235855.266084917,474.9017535019275,509.7820500737738,436.03352727883953
583,FSM,Micronesia (Federated States of),25,FSM,Federated States of Micronesia,Y,Federated States of Micronesia,409,Non-communicable diseases,538.2372593929999,613.10349955,448.9973390029999,48367.38611097846,1112.810310149943,1267.5969260427687,928.305982822351
242,FJI,Fiji,22,FJI,Fiji,Y,Fiji,409,Non-communicable diseases,5682.40743992,6120.696609189999,5245.745564849999,481686.39443759574,1179.6902519023042,1270.6808163714823,1089.0375201431198
246,FIN,Finland,79,FIN,Finland,Y,Finland,409,Non-communicable diseases,47977.7274617,48600.700685150005,47330.83853568,3950539.41684177,1214.460163520035,1230.229484053686,1198.0854648330098
250,FRA,France,80,FRA,France,Y,France,409,Non-communicable diseases,493189.2612094,496953.3248014,489363.65633569995,45417444.81941824,1085.9027036204752,1094.1904080630436,1077.4794977600159
266,GAB,Gabon,173,GAB,Gabon,Y,Gabon,409,Non-communicable diseases,5285.08405928,6029.24241912,4616.1872550200005,746298.0933950329,708.1733299407589,807.8866169538211,618.5446935848656
268,GEO,Georgia,35,GEO,Georgia,Y,Georgia,409,Non-communicable diseases,46019.016935299995,46481.799904499996,45538.994304420004,2567644.4169864682,1792.2659629525533,1810.2896022905559,1773.5709042557821
276,DEU,Germany,81,DEU,Germany,Y,Germany,409,Non-communicable diseases,856372.6577093999,861101.1907830001,851644.0166928,62575646.21204057,1368.5398546385604,1376.0963616182526,1360.9831751588524
288,GHA,Ghana,207,GHA,Ghana,Y,Ghana,409,Non-communicable diseases,76239.071704,85502.007091,67562.12081600001,12115926.130979389,629.246752413447,705.6993098726367,557.6306762324131
300,GRC,Greece,82,GRC,Greece,Y,Greece,409,Non-communicable diseases,105410.6492479,106540.94192019998,104284.1736492,7980347.427588831,1320.8779467856903,1335.041398722538,1306.7623257689202
304,GRL,Greenland,349,GRL,Greenland,Y,Greenland,409,Non-communicable diseases,339.94695479300003,354.213786564,326.178460877,35937.21095558931,945.9469606951458,985.6462901412474,907.6343216508557
308,GRD,Grenada,112,GRD,Grenada,Y,Grenada,409,Non-communicable diseases,901.579181037,935.4264285770001,865.108086728,66192.54823513226,1362.0554051407244,1413.1899337885206,1306.9569155351487
316,GUM,Guam,351,GUM,Guam,Y,Guam,409,Non-communicable diseases,993.019833831,1044.3275343599998,944.616772535,93764.23427957394,1059.0603565002657,1113.7802621478895,1007.4382623532819
320,GTM,Guatemala,128,GTM,Guatemala,Y,Guatemala,409,Non-communicable diseases,44368.4328655,45180.761385000005,43516.9085784,7104273.293374606,624.5316168632994,635.965981589352,612.5455311380483
324,GIN,Guinea,208,GIN,Guinea,Y,Guinea,409,Non-communicable diseases,34752.1125962,38982.485223200005,30574.853545799997,3995236.2110588644,869.8387469558298,975.7241665785865,765.2827500203472
624,GNB,Guinea-Bissau,209,GNB,Guinea-Bissau,Y,Guinea-Bissau,409,Non-communicable diseases,4708.567236,5410.5747649,4050.214283099999,634754.9257630273,741.7929416364776,852.3879918530836,638.0752820832877
328,GUY,Guyana,113,GUY,Guyana,Y,Guyana,409,Non-communicable diseases,3865.09469592,4088.5408954000004,3651.0120036399994,377346.55167087336,1024.282500742497,1083.4976170568216,967.548792343135
332,HTI,Haiti,114,HTI,Haiti,Y,Haiti,409,Non-communicable diseases,45936.8660571,53389.181552500006,38722.592870199995,5181260.44504285,886.5963512999989,1030.4284472628642,747.3585487725805
340,HND,Honduras,129,HND,Honduras,Y,Honduras,409,Non-communicable diseases,28339.264604,32918.9255032,23774.6092179,3898590.8870701343,726.9104511065407,844.3800967261585,609.825701300171
348,HUN,Hungary,48,HUN,Hungary,Y,Hungary,409,Non-communicable diseases,121778.5880395,122721.57477790001,120813.71458889998,7260167.7530639935,1677.3522621168918,1690.3407600479766,1664.06230128654
352,ISL,Iceland,83,ISL,Iceland,Y,Iceland,409,Non-communicable diseases,1868.8839290340002,1916.5083427119998,1823.2438917390002,215433.8709144283,867.4977249869556,889.60400450366,846.3125524320195
356,IND,India,163,IND,India,Y,India,409,Non-communicable diseases,5702592.43475,5925160.90535,5396684.2222299995,688519371.2299742,828.239941101855,860.5656068565311,783.8100782247184
360,IDN,Indonesia,11,IDN,Indonesia,Y,Indonesia,409,Non-communicable diseases,1151665.10204,1222002.6028,1088731.622044,141384671.78928688,814.5614991110125,864.3105276795603,770.0492622471797
364,IRN,Iran (Islamic Republic of),142,IRN,Iran,Y,Iran,409,Non-communicable diseases,287801.707415,289751.585027,286183.120311,48739343.11837177,590.4915597980562,594.4921832928463,587.1706551644647
368,IRQ,Iraq,143,IRQ,Iraq,Y,Iraq,409,Non-communicable diseases,67268.6518903,71000.82442599999,63899.3034985,17240705.783165656,390.17342292322587,411.8208692786077,370.63043881239014
372,IRL,Ireland,84,IRL,Ireland,Y,Ireland,409,Non-communicable diseases,26766.011499189997,27143.64721359,26391.204910989996,3189490.223157123,839.1940287152098,851.0340309719403,827.4427279750872
376,ISR,Israel,85,ISR,Israel,Y,Israel,409,Non-communicable diseases,38284.868482210004,38830.11060821,37764.649082079995,4937911.078994457,775.3251905460847,786.367149732418,764.7899785544597
380,ITA,Italy,86,ITA,Italy,Y,Italy,409,Non-communicable diseases,585216.8683973,588498.170361,581864.7497626999,46442552.39494551,1260.08765285043,1267.1529449037089,1252.8698784996711
388,JAM,Jamaica,115,JAM,Jamaica,Y,Jamaica,409,Non-communicable diseases,15946.41753111,17411.7311168,14588.603162919999,1574109.9760266743,1013.0434197082924,1106.131806670219,926.7842390367258
392,JPN,Japan,67,JPN,Japan,Y,Japan,409,Non-communicable diseases,1113252.1354669,1117951.4157363,1107821.1947138999,100149920.76949495,1111.585637725227,1116.2778833438888,1106.1628268919565
400,JOR,Jordan,144,JOR,Jordan,Y,Jordan,409,Non-communicable diseases,16770.8036353,18172.4386104,15591.352100799999,4471616.775068541,375.0501100363847,406.3952598022324,348.67370986998355
398,KAZ,Kazakhstan,36,KAZ,Kazakhstan,Y,Kazakhstan,409,Non-communicable diseases,107585.2900649,108765.9110042,106357.24936789999,10123119.910554973,1062.768109194529,1074.4307285226773,1050.6370595986473
404,KEN,Kenya,180,KEN,Kenya,Y,Kenya,409,Non-communicable diseases,93785.82348499999,99595.805121,87238.09317299999,17619098.456567656,532.296381203549,565.2718575045756,495.1336947690493
296,KIR,Kiribati,23,KIR,Kiribati,Y,Kiribati,409,Non-communicable diseases,622.87652761,701.8569587599999,547.85977631,51115.37501552948,1218.5698088310269,1373.0838491290872,1071.8101474234584
414,KWT,Kuwait,145,KWT,Kuwait,Y,Kuwait,409,Non-communicable diseases,4873.8210733900005,4998.3741226,4746.65768536,2618257.387777313,186.14751537195036,190.90461258444924,181.2907205960192
417,KGZ,Kyrgyzstan,37,KGZ,Kyrgyzstan,Y,Kyrgyzstan,409,Non-communicable diseases,26927.3843845,27206.982092199996,26646.1483553,3049662.9800930987,882.9626276828128,892.1307787055681,873.7407552649165
418,LAO,Lao People's Democratic Republic,12,LAO,Laos,Y,Laos,409,Non-communicable diseases,25015.070399300002,28497.3314111,21293.5229421,3121876.319465499,801.2831976502795,912.8270467799657,682.074520676261
428,LVA,Latvia,59,LVA,Latvia,Y,Latvia,409,Non-communicable diseases,25755.28727426,26218.60623461,25319.732084460004,1475982.1837310751,1744.9592249924224,1776.349777362018,1715.449709593058
422,LBN,Lebanon,146,LBN,Lebanon,Y,Lebanon,409,Non-communicable diseases,26151.7799467,27633.1755081,24580.051049700003,4106514.278843091,636.836454738144,672.9107372271202,598.5624152419805
426,LSO,Lesotho,194,LSO,Lesotho,Y,Lesotho,409,Non-communicable diseases,10018.1898298,11656.845600999999,8174.18916705,879183.9473678332,1139.4873461683653,1325.8710689496934,929.7473175576623
430,LBR,Liberia,210,LBR,Liberia,Y,Liberia,409,Non-communicable diseases,9429.8849543,10856.419629900001,8118.64479,1728812.2490505078,545.4545431106848,627.9698466888192,469.60824082886353
434,LBY,Libya,147,LBY,Libya,Y,Libya,409,Non-communicable diseases,23624.043596099997,26395.6356403,21097.5473772,3646844.0263631535,647.7941865712112,723.7939283798565,578.5152099921232
440,LTU,Lithuania,60,LTU,Lithuania,Y,Lithuania,409,Non-communicable diseases,36698.277112020005,37199.31423687,36204.864664220004,2120669.348896152,1730.5044339478072,1754.130801024353,1707.237607930973
442,LUX,Luxembourg,87,LUX,Luxembourg,Y,Luxembourg,409,Non-communicable diseases,3762.073922911,3945.90629567,3584.5740808829996,401776.81051739235,936.3591487687777,982.1139977164479,892.1804312864464
807,MKD,The former Yugoslav Republic of Macedonia,49,MKD,Macedonia,Y,Macedonia,409,Non-communicable diseases,17119.7433103,17373.63783027,16849.01886028,1517774.9222350498,1127.9500708240557,1144.6781453396181,1110.1131408515052
450,MDG,Madagascar,181,MDG,Madagascar,Y,Madagascar,409,Non-communicable diseases,60189.65597300001,70419.72047999999,51022.407104000005,8907250.537780553,675.7377679869062,790.5887476871924,572.8188163966635
454,MWI,Malawi,182,MWI,Malawi,Y,Malawi,409,Non-communicable diseases,37126.2210529,41670.1499841,32833.9649143,5784796.567744158,641.7895706119491,720.3390732260392,567.5906581984428
458,MYS,Malaysia,13,MYS,Malaysia,Y,Malaysia,409,Non-communicable diseases,106840.5671366,114662.96932460001,102103.29797690001,16449180.103616053,649.5191034665189,697.0740705756723,620.7196792407572
462,MDV,Maldives,14,MDV,Maldives,Y,Maldives,409,Non-communicable diseases,834.485257309,868.4215375400001,795.1624333059999,248088.95434388274,336.3653410188902,350.04441847751826,320.5150488900058
466,MLI,Mali,211,MLI,Mali,Y,Mali,409,Non-communicable diseases,38570.8846424,43976.7413177,33435.835832,6145783.168819807,627.5991778897544,715.5595976898903,544.045159315648
470,MLT,Malta,88,MLT,Malta,Y,Malta,409,Non-communicable diseases,3313.346619889,3403.846550346,3223.5220622119996,318137.2762447647,1041.483305257136,1069.9301227835965,1013.2487774654626
584,MHL,Marshall Islands,24,MHL,Marshall Islands,Y,Marshall Islands,409,Non-communicable diseases,289.101026146,322.634551605,257.495127796,26131.359598228875,1106.3374833569494,1234.6642370145466,985.3874109690505
478,MRT,Mauritania,212,MRT,Mauritania,Y,Mauritania,409,Non-communicable diseases,8933.614078999999,10195.5985543,7733.83276175,1416693.7763300415,630.5959854036072,719.675537836539,545.9071601051687
480,MUS,Mauritius,183,MUS,Mauritius,Y,Mauritius,409,Non-communicable diseases,8612.26741471,8762.30083127,8462.325526019999,835536.0641562013,1030.7475385167766,1048.7040843795237,1012.8019470429452
484,MEX,Mexico,130,MEX,Mexico,Y,Mexico,409,Non-communicable diseases,503199.79328000004,504808.62467499997,501484.72092899994,66737618.75881329,753.9972247115096,756.4079061606247,751.4273512534854
498,MDA,Republic of Moldova,61,MDA,Moldova,Y,Moldova,409,Non-communicable diseases,38809.2379342,39206.9086086,38421.1409019,2676502.709812185,1449.9980811498344,1464.8559280312188,1435.4979264936399
496,MNG,Mongolia,38,MNG,Mongolia,Y,Mongolia,409,Non-communicable diseases,14826.065257899998,15673.747504399998,13973.4583759,1730093.986972248,856.9514355602358,905.947747487976,807.6704780850813
499,MNE,Montenegro,50,MNE,Montenegro,Y,Montenegro,409,Non-communicable diseases,5965.68608139,6256.74038685,5696.21993367,427807.0336562045,1394.4805980408826,1462.5146139785206,1331.4928193180695
504,MAR,Morocco,148,MAR,Morocco,Y,Morocco,409,Non-communicable diseases,167360.885662,190217.883947,146754.59886,19087896.57428735,876.7906144642783,996.5366440807101,768.8358865988831
508,MOZ,Mozambique,184,MOZ,Mozambique,Y,Mozambique,409,Non-communicable diseases,63452.85908799999,72543.58743700001,54632.731291000004,9280898.625884138,683.6930522119047,781.6440019577221,588.6577743520547
104,MMR,Myanmar,15,MMR,Myanmar,Y,Myanmar,409,Non-communicable diseases,269928.879788,298368.712347,241939.82684399997,28066666.826081198,961.741846513695,1063.0714156258066,862.0183805337913
516,NAM,Namibia,195,NAM,Namibia,Y,Namibia,409,Non-communicable diseases,6807.261627389999,7810.100137579999,5932.57533728,998964.0243462125,681.4321098144767,781.8199602024147,593.8727714606806
524,NPL,Nepal,164,NPL,Nepal,Y,Nepal,409,Non-communicable diseases,110962.76435369998,123444.578298,94714.8347034,13544868.353274668,819.2236458826352,911.375253552431,699.2672961675653
528,NLD,Netherlands,89,NLD,Netherlands,Y,Netherlands,409,Non-communicable diseases,129414.67594670001,130551.19054040001,128264.5542514,12010174.265257653,1077.5420330166517,1087.0049647660073,1067.9658048129775
554,NZL,New Zealand,72,NZL,New Zealand,Y,New Zealand,409,Non-communicable diseases,28270.15751472,28637.26952246,27902.11345826,2906469.5146390107,972.6631355440592,985.2939925302057,960.0002104864842
558,NIC,Nicaragua,131,NIC,Nicaragua,Y,Nicaragua,409,Non-communicable diseases,16586.7116742,16953.177377699998,16118.900027799998,2963655.619870659,559.6706838334976,572.0360106630701,543.8857308428928
562,NER,Niger,213,NER,Niger,Y,Niger,409,Non-communicable diseases,30082.422672,35557.987157,25630.536584100002,5853609.930918115,513.9123212345941,607.4539912402888,437.8586357236133
566,NGA,Nigeria,214,NGA,Nigeria,Y,Nigeria,409,Non-communicable diseases,325747.714521,447335.81874099997,244569.955372,69012445.93483338,472.0129972332743,648.1958618933855,354.3852881304061
408,PRK,Democratic People's Republic of Korea,7,PRK,North Korea,Y,North Korea,409,Non-communicable diseases,194433.03079800002,214799.91212300002,172033.68805270002,16552677.430413952,1174.6319084352363,1297.6747298193936,1039.310339828194
580,MNP,Northern Mariana Islands,376,MNP,Northern Mariana Islands,Y,Northern Mariana Islands,409,Non-communicable diseases,208.63147772500002,234.26030451,187.58203329900002,28614.30765803136,729.115938146566,818.6824133913603,655.5532831364877
578,NOR,Norway,90,NOR,Norway,Y,Norway,409,Non-communicable diseases,35279.86110001,35571.38357632,34988.33952223,3557838.8142937836,991.609315134556,999.8031229916967,983.415532532354
512,OMN,Oman,150,OMN,Oman,Y,Oman,409,Non-communicable diseases,6593.4753908,7592.484331799999,5631.487931600001,2609561.957303454,252.66598374285215,290.94861344643306,215.80203971930987
586,PAK,Pakistan,165,PAK,Pakistan,Y,Pakistan,409,Non-communicable diseases,734007.71436,843183.26871,631404.34106,85149659.59032525,862.0207266728736,990.2368051343366,741.5230361434592
275,PSE,State of Palestine,149,PSE,Palestine,Y,Palestine,409,Non-communicable diseases,9879.050303799999,10350.768322,9418.18410178,1871925.060807371,527.7481727574668,552.9477936224465,503.12826613464364
591,PAN,Panama,132,PAN,Panama,Y,Panama,409,Non-communicable diseases,13139.647698069999,13364.1505549,12923.884768939999,2093151.0923993932,627.7448267247603,638.4704192367013,617.4367830334343
598,PNG,Papua New Guinea,26,PNG,Papua New Guinea,Y,Papua New Guinea,409,Non-communicable diseases,45219.279264,52329.832477,39397.4302884,3702771.0699555343,1221.22805892353,1413.2613517915495,1063.9985444434487
600,PRY,Paraguay,136,PRY,Paraguay,Y,Paraguay,409,Non-communicable diseases,23151.9808792,25427.417856300002,21134.384431,3302907.8371497253,700.9575204853193,769.8494511503786,639.8720604095969
604,PER,Peru,123,PER,Peru,Y,Peru,409,Non-communicable diseases,88583.0028555,94970.4436822,81847.7638333,17060385.19444115,519.232138347986,556.6723294919775,479.75331682410524
608,PHL,Philippines,16,PHL,Philippines,Y,Philippines,409,Non-communicable diseases,420842.074419,449528.07537800004,393454.476622,48869800.56495633,861.149563849005,919.8483934480155,805.107596252683
616,POL,Poland,51,POL,Poland,Y,Poland,409,Non-communicable diseases,355046.36336129997,357446.0198286,352625.837925,28203970.454806775,1258.852415585302,1267.3606377561669,1250.270200396208
620,PRT,Portugal,91,PRT,Portugal,Y,Portugal,409,Non-communicable diseases,94093.13858934,95215.02534162,92953.60781362999,8054850.00009633,1168.1550691597574,1182.083159096461,1154.0079307810615
630,PRI,Puerto Rico,385,PRI,Puerto Rico,Y,Puerto Rico,409,Non-communicable diseases,24748.15746291,25134.80232948,24368.63832766,2541529.243106498,973.7506475691956,988.9637271597104,958.8179397800019
634,QAT,Qatar,151,QAT,Qatar,Y,Qatar,409,Non-communicable diseases,1997.34941458,2326.8448253999995,1697.2028794599996,1773825.3985557868,112.60124114843558,131.17665511467308,95.68037986387095
642,ROU,Romania,52,ROU,Romania,Y,Romania,409,Non-communicable diseases,237540.3126108,239124.82783850003,235886.0885687,14539644.128449665,1633.7422739667043,1644.640169497721,1622.3649388167803
643,RUS,Russian Federation,62,RUS,Russian Federation,Y,Russian Federation,409,Non-communicable diseases,1621057.8400329999,1624190.8338239999,1617527.067208,105140097.86921479,1541.8074292164497,1544.787256945826,1538.4492691076473
646,RWA,Rwanda,185,RWA,Rwanda,Y,Rwanda,409,Non-communicable diseases,23417.383954800003,26676.364938500003,20384.23354,4621370.593831671,506.7194564758802,577.2392496309649,441.08632117077246
662,LCA,Saint Lucia,116,LCA,Saint Lucia,Y,Saint Lucia,409,Non-communicable diseases,1023.9052908820001,1062.740673181,987.3795371540001,107726.95086804184,950.4634472911188,986.5132769633336,916.5575830355326
670,VCT,Saint Vincent and the Grenadines,117,VCT,Saint Vincent and the Grenadines,Y,Saint Vincent and the Grenadines,409,Non-communicable diseases,782.394360558,808.457946689,756.3914520860001,67564.25545048431,1158.0004180337514,1196.5764164773384,1119.51422692778
882,WSM,Western Samoa,27,WSM,Samoa,Y,Samoa,409,Non-communicable diseases,822.695799064,902.789341959,724.18354982,85826.10048881095,958.5613168703311,1051.8820461576204,843.7800921811787
678,STP,Sao Tome and Principe,215,STP,Sao Tome and Principe,Y,Sao Tome and Principe,409,Non-communicable diseases,594.0656652299999,660.4635996500001,530.47148146,79052.84455576375,751.4791764525905,835.4710110198629,671.0340209020642
682,SAU,Saudi Arabia,152,SAU,Saudi Arabia,Y,Saudi Arabia,409,Non-communicable diseases,57986.557049099996,66841.756783,51000.272571600006,19212408.7052314,301.81825682955974,347.9093007468631,265.4548596903053
686,SEN,Senegal,216,SEN,Senegal,Y,Senegal,409,Non-communicable diseases,35402.709254400004,39719.717694599996,31291.931614800003,5332760.405024786,663.8721143564195,744.8247188674397,586.7867527915791
688,SRB,Serbia,53,SRB,Serbia,Y,Serbia,409,Non-communicable diseases,119772.71622100001,120898.4949879,118679.29659330001,6271525.410575982,1909.7860309873156,1927.7366680843375,1892.3513630856899
690,SYC,Seychelles,186,SYC,Seychelles,Y,Seychelles,409,Non-communicable diseases,562.129263437,583.556010268,540.9262934369999,62195.90153814199,903.8043497002307,938.2547657262127,869.7137272064041
694,SLE,Sierra Leone,217,SLE,Sierra Leone,Y,Sierra Leone,409,Non-communicable diseases,18870.4474735,21676.8322074,16339.233312800001,2756891.5722801136,684.4827581627744,786.2780105447515,592.6686953192897
702,SGP,Singapore,69,SGP,Singapore,Y,Singapore,409,Non-communicable diseases,14856.74480941,15161.32970619,14569.79079738,3772808.924349544,393.7847133875564,401.8578732768426,386.17886804039307
703,SVK,Slovakia,54,SVK,Slovakia,Y,Slovakia,409,Non-communicable diseases,48509.63411487,49158.895626900005,47844.54913858,3942942.0923061147,1230.2903004720035,1246.7567231794765,1213.4225666651137
705,SVN,Slovenia,55,SVN,Slovenia,Y,Slovenia,409,Non-communicable diseases,17248.42718919,17570.518524400002,16914.53116178,1558147.1744673746,1106.9831830928342,1127.6546151942403,1085.5541401319767
90,SLB,Solomon Islands,28,SLB,Solomon Islands,Y,Solomon Islands,409,Non-communicable diseases,2359.46863821,2643.3651218200002,2095.00696484,251685.39861681228,937.4674300443866,1050.265584077243,832.391142415703
706,SOM,Somalia,187,SOM,Somalia,Y,Somalia,409,Non-communicable diseases,37868.3526757,47662.984294400005,29390.2754555,5386349.162533824,703.0430358860383,884.884786636791,545.6437109560559
710,ZAF,South Africa,196,ZAF,South Africa,Y,South Africa,409,Non-communicable diseases,208234.060486,216873.737181,197919.68825900002,28940793.97050436,719.5174420516116,749.3703780277473,683.8778799942883
410,KOR,Republic of Korea,68,KOR,South Korea,Y,South Korea,409,Non-communicable diseases,229225.9627812,236293.031884,222212.0257815,37812986.03434525,606.209630133404,624.8991594299822,587.6606136835279
728,SSD,South Sudan,435,SSD,South Sudan,Y,South Sudan,409,Non-communicable diseases,19856.1568974,25619.474246800004,15297.264995300002,3333576.8429350336,595.6411936170558,768.5280842136954,458.8844270297843
724,ESP,Spain,92,ESP,Spain,Y,Spain,409,Non-communicable diseases,383227.71600909997,385546.6482011,380794.3431862,35172955.23954603,1089.5522238581343,1096.1451648726352,1082.633917431144
144,LKA,Sri Lanka,17,LKA,Sri Lanka,Y,Sri Lanka,409,Non-communicable diseases,97773.997033,107177.10184880001,87520.4302071,12797183.383917354,764.0274746384883,837.5053996920373,683.9038527578642
729,SDN,Sudan,522,SDN,Sudan,Y,Sudan,409,Non-communicable diseases,98859.271484,115391.256963,82498.8686399,14546530.204115162,679.6072334558042,793.2562291064863,567.137781191018
740,SUR,Suriname,118,SUR,Suriname,Y,Suriname,409,Non-communicable diseases,3037.20896857,3243.3401178700005,2833.7973505,323679.86493063904,938.3373195675423,1002.0209686398047,875.493862155204
748,SWZ,Swaziland,197,SWZ,Swaziland,Y,Swaziland,409,Non-communicable diseases,3965.43225511,4742.7286194,3232.4464858499996,448636.79768843134,883.8847538903635,1057.1421345365707,720.5040920639917
752,SWE,Sweden,93,SWE,Sweden,Y,Sweden,409,Non-communicable diseases,81807.01209199999,82623.2934825,80950.51889549999,6957634.90027924,1175.7876529094208,1187.5198205525842,1163.4775330371401
756,CHE,Switzerland,94,CHE,Switzerland,Y,Switzerland,409,Non-communicable diseases,57574.68576845,58303.136162309995,56864.723996140005,6211207.124133427,926.9484114407583,938.6764118004569,915.5180765940669
760,SYR,Syrian Arab Republic,153,SYR,Syria,Y,Syria,409,Non-communicable diseases,57897.2532389,65538.3849489,51013.275018299995,8249716.095917285,701.8090388292617,794.4320045308515,618.3640070177207
158,TWN,Taiwan,8,TWN,Taiwan (Province of China),Y,Taiwan (Province of China),409,Non-communicable diseases,138453.9849486,139902.2306939,136968.1177536,17207058.827365175,804.6348091075871,813.0513883721201,795.9995902133683
762,TJK,Tajikistan,39,TJK,Tajikistan,Y,Tajikistan,409,Non-communicable diseases,28122.923303800002,29752.366631599998,26564.737096700002,3974386.270745239,707.6041780540536,748.6027931054904,668.3984717901824
834,TZA,United Republic of Tanzania,189,TZA,Tanzania,Y,Tanzania,409,Non-communicable diseases,103171.22055200001,115570.64746800001,91870.27775100002,18514843.418852195,557.2351773007648,624.2053732429819,496.197973013673
764,THA,Thailand,18,THA,Thailand,Y,Thailand,409,Non-communicable diseases,307100.175886,323667.534288,292278.455623,48460341.765731834,633.7144244062313,667.9018811973748,603.1291670123575
44,BHS,Bahamas,106,BHS,The Bahamas,Y,The Bahamas,409,Non-communicable diseases,1816.1975960199998,1906.49382214,1727.51338897,220460.25360293264,823.8208776132152,864.778929980619,783.5940314581131
270,GMB,Gambia,206,GMB,The Gambia,Y,The Gambia,409,Non-communicable diseases,5537.6630608,6362.5202107000005,4825.78725992,740469.1115721591,747.8587525470806,859.25531683437,651.7202655049203
626,TLS,Timor-Leste,19,TLS,Timor-Leste,Y,Timor-Leste,409,Non-communicable diseases,4189.2539178199995,4722.27237516,3460.0616201049997,485669.0211891795,862.5738383647465,972.3231602454963,712.432020397946
768,TGO,Togo,218,TGO,Togo,Y,Togo,409,Non-communicable diseases,15777.482441300002,18608.175136500002,13342.745809900001,2861366.1004068996,551.3968463894352,650.3248617453681,466.30683882089056
776,TON,Tonga,29,TON,Tonga,Y,Tonga,409,Non-communicable diseases,542.9209514409999,602.2386007,485.000788651,47837.60605605545,1134.9250019008323,1258.9229485988599,1013.8483687554991
780,TTO,Trinidad and Tobago,119,TTO,Trinidad and Tobago,Y,Trinidad and Tobago,409,Non-communicable diseases,8736.73510503,10081.13067967,7595.69497143,907669.9343441251,962.5453895135454,1110.6604172093175,836.8344795863034
788,TUN,Tunisia,154,TUN,Tunisia,Y,Tunisia,409,Non-communicable diseases,52969.6202356,62438.7432968,44800.811927300005,6856177.350145402,772.5824104371607,910.6932348457384,653.4371799228602
792,TUR,Turkey,155,TUR,Turkey,Y,Turkey,409,Non-communicable diseases,335368.636957,351717.692488,319604.027835,47199345.33533374,710.5366283670483,745.1749383157265,677.1365695103028
795,TKM,Turkmenistan,40,TKM,Turkmenistan,Y,Turkmenistan,409,Non-communicable diseases,25541.8032775,26136.3033907,24948.9225167,2612243.9972797474,977.7724938442917,1000.5307091495649,955.076269394455
800,UGA,Uganda,190,UGA,Uganda,Y,Uganda,409,Non-communicable diseases,60154.18719999999,68111.843948,52636.122482000006,11538084.39002183,521.3533301248993,590.3219429293074,456.1946394456941
804,UKR,Ukraine,63,UKR,Ukraine,Y,Ukraine,409,Non-communicable diseases,666937.197684,670589.789952,663211.948961,33502280.409577806,1990.7217942493626,2001.6243125954145,1979.602405725783
784,ARE,United Arab Emirates,156,ARE,United Arab Emirates,Y,United Arab Emirates,409,Non-communicable diseases,14754.5927622,17975.869358099997,11941.382930099999,7748982.5037595015,190.40684057605824,231.9771576381649,154.10259249271127
826,GBR,United Kingdom of Great Britain and Northern Ireland,95,GBR,United Kingdom,Y,United Kingdom,409,Non-communicable diseases,529114.525669,530758.200604,527603.35143,46051502.984841615,1148.9625557783947,1152.5317659636542,1145.6810684412771
840,USA,United States of America,102,USA,United States,Y,United States,409,Non-communicable diseases,2379552.2263,2385242.98231,2373733.67344,215193479.27303168,1105.773387901261,1108.4178713815338,1103.0695174681714
858,URY,Uruguay,99,URY,Uruguay,Y,Uruguay,409,Non-communicable diseases,27634.58804414,28047.36553609,27215.02486682,2166586.064820699,1275.489974427901,1294.541952036931,1256.1247996890556
860,UZB,Uzbekistan,41,UZB,Uzbekistan,Y,Uzbekistan,409,Non-communicable diseases,160580.00631,169635.008607,151628.382682,16173307.920252288,992.870519140497,1048.857843079722,937.5223883057978
548,VUT,Vanuatu,30,VUT,Vanuatu,Y,Vanuatu,409,Non-communicable diseases,1465.9867860300003,1775.44955874,1205.05144202,116620.96292614818,1257.0525480554954,1522.4103061679639,1033.3060298799928
862,VEN,Venezuela (Bolivarian Republic of),133,VEN,Venezuela,Y,Venezuela,409,Non-communicable diseases,117716.18748320002,123056.80169600001,112416.53446170001,16634904.508343397,707.64570619662,739.7505746683408,675.7870741326853
704,VNM,Viet Nam,20,VNM,Vietnam,Y,Vietnam,409,Non-communicable diseases,440834.211843,489180.899236,400431.11465,56347628.69599803,782.3474067051723,868.1481555775621,710.6441280969821
850,VIR,United States Virgin Islands,422,VIR,"Virgin Islands, U.S.",Y,"Virgin Islands, U.S.",409,Non-communicable diseases,1070.3769147570001,1163.631387831,944.1810829350001,72116.21775800054,1484.238841183893,1613.5502165903692,1309.2493093625296
887,YEM,Yemen,157,YEM,Yemen,Y,Yemen,409,Non-communicable diseases,72213.9722852,90516.756276,57329.7446089,10919519.553979639,661.3292089291739,828.9444954838788,525.0207605334253
894,ZMB,Zambia,191,ZMB,Zambia,Y,Zambia,409,Non-communicable diseases,31024.5214141,34748.8483202,27377.7927654,5622658.66399904,551.7767175294655,618.0145443060801,486.9189897778343
716,ZWE,Zimbabwe,198,ZWE,Zimbabwe,Y,Zimbabwe,409,Non-communicable diseases,39899.7703394,45167.021958,34805.401310199995,5469103.779885838,729.5486051323909,825.857832943569,636.4004544621482
533,ABW,Aruba,104,ABW,Caribbean,N,Caribbean,409,Non-communicable diseases,250161.14455,258882.235384,241685.341418,26417594.687131744,946.9489842383562,979.9614175703283,914.8650521757274
660,AIA,Anguilla,104,AIA,Caribbean,N,Caribbean,409,Non-communicable diseases,250161.14455,258882.235384,241685.341418,26417594.687131744,946.9489842383562,979.9614175703283,914.8650521757274
248,ALA,Aland Islands,44562,ALA,Europe,N,Europe,409,Non-communicable diseases,7861157.42246,7881652.4174,7840274.37909,602975377.6112709,1303.7277663977795,1307.1267434872243,1300.2644337070271
902,ATF,French Southern Territories,1,ATF,N,N,Global,409,Non-communicable diseases,38152106.8382,38593829.2535,37618320.252299994,4292110023.370464,888.8893022420779,899.1808001975083,876.452841317415
535,BES,Bonaire Saint Eustatius and Saba,104,BES,Caribbean,N,Caribbean,409,Non-communicable diseases,250161.14455,258882.235384,241685.341418,26417594.687131744,946.9489842383562,979.9614175703283,914.8650521757274
652,BLM,Saint-Barthelemy,104,BLM,Caribbean,N,Caribbean,409,Non-communicable diseases,250161.14455,258882.235384,241685.341418,26417594.687131744,946.9489842383562,979.9614175703283,914.8650521757274
903,BVT,Bouvet Island,1,BVT,N,N,Global,409,Non-communicable diseases,38152106.8382,38593829.2535,37618320.252299994,4292110023.370464,888.8893022420779,899.1808001975083,876.452841317415
184,COK,Cook Islands,1,COK,N,N,Global,409,Non-communicable diseases,38152106.8382,38593829.2535,37618320.252299994,4292110023.370464,888.8893022420779,899.1808001975083,876.452841317415
531,CUW,Curacao,104,CUW,Caribbean,N,Caribbean,409,Non-communicable diseases,250161.14455,258882.235384,241685.341418,26417594.687131744,946.9489842383562,979.9614175703283,914.8650521757274
136,CYM,Cayman Islands,105,CYM,Caribbean,N,Antigua and Barbuda,409,Non-communicable diseases,446.12236469699997,467.13038950399994,421.99985029600003,55206.6099837505,808.0959233474243,846.1493825494719,764.400948401308
732,ESH,Western Sahara,199,ESH,Western Sub-Saharan Africa,N,Western Sub-Saharan Africa,409,Non-communicable diseases,808195.5025699999,934187.0678600001,715955.76807,146890090.1647143,550.2042388725712,635.9769177161339,487.4091691734734
238,FLK,Falkland Islands (Malvinas),1,FLK,N,N,Global,409,Non-communicable diseases,38152106.8382,38593829.2535,37618320.252299994,4292110023.370464,888.8893022420779,899.1808001975083,876.452841317415
234,FRO,Faeroe Islands,44562,FRO,Europe,N,Europe,409,Non-communicable diseases,7861157.42246,7881652.4174,7840274.37909,602975377.6112709,1303.7277663977795,1307.1267434872243,1300.2644337070271
831,GGY,Guernsey,44563,GGY,Europe,N,African Region,409,Non-communicable diseases,2161506.7092,2306630.8150000004,2033944.62026,373766303.9035491,578.3043272295032,617.1318256648491,544.1754912141204
292,GIB,Gibraltar,1,GIB,N,N,Global,409,Non-communicable diseases,38152106.8382,38593829.2535,37618320.252299994,4292110023.370464,888.8893022420779,899.1808001975083,876.452841317415
312,GLP,Guadeloupe,104,GLP,Caribbean,N,Caribbean,409,Non-communicable diseases,250161.14455,258882.235384,241685.341418,26417594.687131744,946.9489842383562,979.9614175703283,914.8650521757274
254,GUF,French Guiana,134,GUF,Tropical Latin America,N,Tropical Latin America,409,Non-communicable diseases,939539.010403,944951.1758989999,934043.8837359999,128851001.33344892,729.167022902368,733.3673515300005,724.9023089225524
904,HMD,Heard Island and McDonald Islands,1,HMD,N,N,Global,409,Non-communicable diseases,38152106.8382,38593829.2535,37618320.252299994,4292110023.370464,888.8893022420779,899.1808001975083,876.452841317415
833,IMN,Isle of Man,95,IMN,United Kingdom,N,United Kingdom,409,Non-communicable diseases,529114.525669,530758.200604,527603.35143,46051502.984841615,1148.9625557783947,1152.5317659636542,1145.6810684412771
905,IOT,British Indian Ocean Territory,1,IOT,N,N,Global,409,Non-communicable diseases,38152106.8382,38593829.2535,37618320.252299994,4292110023.370464,888.8893022420779,899.1808001975083,876.452841317415
832,JEY,Jersey,95,JEY,United Kingdom,N,United Kingdom,409,Non-communicable diseases,529114.525669,530758.200604,527603.35143,46051502.984841615,1148.9625557783947,1152.5317659636542,1145.6810684412771
659,KNA,Saint Kitts and Nevis,104,KNA,Caribbean,N,Caribbean,409,Non-communicable diseases,250161.14455,258882.235384,241685.341418,26417594.687131744,946.9489842383562,979.9614175703283,914.8650521757274
999,KOS,Kosovo,44563,KOS,Europe,N,African Region,409,Non-communicable diseases,2161506.7092,2306630.8150000004,2033944.62026,373766303.9035491,578.3043272295032,617.1318256648491,544.1754912141204
438,LIE,Liechtenstein,1,LIE,N,N,Global,409,Non-communicable diseases,38152106.8382,38593829.2535,37618320.252299994,4292110023.370464,888.8893022420779,899.1808001975083,876.452841317415
663,MAF,Saint-Martin (French part),1,MAF,N,N,Global,409,Non-communicable diseases,38152106.8382,38593829.2535,37618320.252299994,4292110023.370464,888.8893022420779,899.1808001975083,876.452841317415
492,MCO,Monaco,1,MCO,N,N,Global,409,Non-communicable diseases,38152106.8382,38593829.2535,37618320.252299994,4292110023.370464,888.8893022420779,899.1808001975083,876.452841317415
500,MSR,Montserrat,104,MSR,Caribbean,N,Caribbean,409,Non-communicable diseases,250161.14455,258882.235384,241685.341418,26417594.687131744,946.9489842383562,979.9614175703283,914.8650521757274
474,MTQ,Martinique,104,MTQ,Caribbean,N,Caribbean,409,Non-communicable diseases,250161.14455,258882.235384,241685.341418,26417594.687131744,946.9489842383562,979.9614175703283,914.8650521757274
175,MYT,Mayotte,1,MYT,N,N,Global,409,Non-communicable diseases,38152106.8382,38593829.2535,37618320.252299994,4292110023.370464,888.8893022420779,899.1808001975083,876.452841317415
540,NCL,New Caledonia,1,NCL,N,N,Global,409,Non-communicable diseases,38152106.8382,38593829.2535,37618320.252299994,4292110023.370464,888.8893022420779,899.1808001975083,876.452841317415
574,NFK,Norfolk Island,1,NFK,N,N,Global,409,Non-communicable diseases,38152106.8382,38593829.2535,37618320.252299994,4292110023.370464,888.8893022420779,899.1808001975083,876.452841317415
570,NIU,Niue,1,NIU,N,N,Global,409,Non-communicable diseases,38152106.8382,38593829.2535,37618320.252299994,4292110023.370464,888.8893022420779,899.1808001975083,876.452841317415
520,NRU,Nauru,1,NRU,N,N,Global,409,Non-communicable diseases,38152106.8382,38593829.2535,37618320.252299994,4292110023.370464,888.8893022420779,899.1808001975083,876.452841317415
612,PCN,Pitcairn,1,PCN,N,N,Global,409,Non-communicable diseases,38152106.8382,38593829.2535,37618320.252299994,4292110023.370464,888.8893022420779,899.1808001975083,876.452841317415
585,PLW,Palau,1,PLW,N,N,Global,409,Non-communicable diseases,38152106.8382,38593829.2535,37618320.252299994,4292110023.370464,888.8893022420779,899.1808001975083,876.452841317415
258,PYF,French Polynesia,1,PYF,N,N,Global,409,Non-communicable diseases,38152106.8382,38593829.2535,37618320.252299994,4292110023.370464,888.8893022420779,899.1808001975083,876.452841317415
638,REU,Reunion,1,REU,N,N,Global,409,Non-communicable diseases,38152106.8382,38593829.2535,37618320.252299994,4292110023.370464,888.8893022420779,899.1808001975083,876.452841317415
906,SGS,South Georgia and the South Sandwich Islands,1,SGS,N,N,Global,409,Non-communicable diseases,38152106.8382,38593829.2535,37618320.252299994,4292110023.370464,888.8893022420779,899.1808001975083,876.452841317415
654,SHN,Saint Helena,1,SHN,N,N,Global,409,Non-communicable diseases,38152106.8382,38593829.2535,37618320.252299994,4292110023.370464,888.8893022420779,899.1808001975083,876.452841317415
744,SJM,Svalbard and Jan Mayen Islands,1,SJM,N,N,Global,409,Non-communicable diseases,38152106.8382,38593829.2535,37618320.252299994,4292110023.370464,888.8893022420779,899.1808001975083,876.452841317415
674,SMR,San Marino,44563,SMR,Europe,N,African Region,409,Non-communicable diseases,2161506.7092,2306630.8150000004,2033944.62026,373766303.9035491,578.3043272295032,617.1318256648491,544.1754912141204
666,SPM,Saint Pierre and Miquelon,44638,SPM,North America,N,North America,409,Non-communicable diseases,2618363.09887,2624557.4315,2612239.16472,240249058.21961042,1089.8536370022177,1092.4319333235037,1087.304642972696
907,SPR,Spratly Islands,1,SPR,N,N,Global,409,Non-communicable diseases,38152106.8382,38593829.2535,37618320.252299994,4292110023.370464,888.8893022420779,899.1808001975083,876.452841317415
534,SXM,Sint Maarten (Dutch part),104,SXM,Caribbean,N,Caribbean,409,Non-communicable diseases,250161.14455,258882.235384,241685.341418,26417594.687131744,946.9489842383562,979.9614175703283,914.8650521757274
796,TCA,Turks and Caicos Islands,105,TCA,Caribbean,N,Antigua and Barbuda,409,Non-communicable diseases,446.12236469699997,467.13038950399994,421.99985029600003,55206.6099837505,808.0959233474243,846.1493825494719,764.400948401308
772,TKL,Tokelau,1,TKL,N,N,Global,409,Non-communicable diseases,38152106.8382,38593829.2535,37618320.252299994,4292110023.370464,888.8893022420779,899.1808001975083,876.452841317415
798,TUV,Tuvalu,1,TUV,N,N,Global,409,Non-communicable diseases,38152106.8382,38593829.2535,37618320.252299994,4292110023.370464,888.8893022420779,899.1808001975083,876.452841317415
908,UMI,United States Minor Outlying Islands,1,UMI,N,N,Global,409,Non-communicable diseases,38152106.8382,38593829.2535,37618320.252299994,4292110023.370464,888.8893022420779,899.1808001975083,876.452841317415
336,VAT,Holy See,1,VAT,N,N,Global,409,Non-communicable diseases,38152106.8382,38593829.2535,37618320.252299994,4292110023.370464,888.8893022420779,899.1808001975083,876.452841317415
92,VGB,British Virgin Islands,105,VGB,Caribbean,N,Antigua and Barbuda,409,Non-communicable diseases,446.12236469699997,467.13038950399994,421.99985029600003,55206.6099837505,808.0959233474243,846.1493825494719,764.400948401308
876,WLF,Wallis and Futuna Islands,1,WLF,N,N,Global,409,Non-communicable diseases,38152106.8382,38593829.2535,37618320.252299994,4292110023.370464,888.8893022420779,899.1808001975083,876.452841317415
