Station ID,Latitude,Longitude,PM25
MACG,22.16,113.5651,26.6478
CB_R,22.2819,114.1822,37.0192
CL_R,22.2833,114.1557,23.8964
CW_A,22.2868,114.1429,26.396
EN_A,22.2845,114.2169,23.1832
KINMEN,24.4321,118.3123,27.5345
KC_A,22.3586,114.1271,24.9762
KT_A,22.3147,114.2233,27.1826
CN_1361A,22.7267,114.24,33.2664
MAGONG,23.569,119.5662,18.2083
MATSU,26.1605,119.9499,24.457
MKaR,22.324,114.166,29.833
ST_A,22.378,114.182,23.4504
SP_A,22.3315,114.1567,25.2677
TP_A,22.4524,114.162,23.4038
MB_A,22.4728,114.3583,23.6671
TW_A,22.3733,114.1121,23.6219
TM_A,22.3908,113.9767,29.6718
TC_A,22.2903,113.9411,22.1624
CN_1360A,22.5908,114.263,23.0042
YL_A,22.4467,114.0203,29.8552
XCNAQ021,22.7108,113.5486,35.7233
XCNAQ473,18.2489,109.5078,17.6795
XCNAQ474,18.2681,109.4964,16.7858
XCNAQ729,26.2378,117.6028,28.9771
XCNAQ728,26.2708,117.6353,30.9631
XCNAQ727,26.2625,117.6211,29.349
XCNAQ730,26.3108,117.7275,26.9794
XCNAQ208,34.7772,111.1928,69.8384
XCNAQ211,34.7939,111.158,74.9157
XCNAQ209,34.7997,111.1489,68.0117
XCNAQ783,28.4622,117.9511,42.7209
XCNAQ782,28.4459,117.973,44.7867
XCNAQ784,28.4303,117.9033,42.9825
XCNAQ781,28.4569,118.0058,38.4541
CN_1387A,23.0536,113.7819,39.4286
CN_1390A,23.0127,113.7944,33.6249
CN_1388A,23.0277,113.7461,37.2681
CN_1391A,22.9658,113.7383,34.5228
CN_1389A,23.06,113.748,37.6369
XCNAQ395,37.4313,118.6672,72.0586
XCNAQ396,37.4442,118.5857,82.8104
XCNAQ397,37.4658,118.5019,83.6252
XCNAQ1067,37.0172,105.18,51.0156
XCNAQ1066,37.4514,105.0197,39.8262
XCNAQ1068,37.5002,105.1971,46.6097
CN_1379A,22.5211,113.3769,32.0226
CN_1380A,22.5497,113.3881,34.4189
CN_1382A,22.5111,113.4075,28.1766
CN_1381A,22.4853,113.4411,34.4777
XCNAQ1054,35.5997,103.2064,49.1258
XCNAQ1053,35.6039,103.2139,47.9186
XCNAQ507,30.2311,119.6942,47.424
XCNAQ508,30.2366,119.7183,51.2483
XCNAQ068,36.0783,111.5531,86.8224
XCNAQ069,36.0822,111.5169,50.217
XCNAQ066,36.0875,111.5025,47.9293
XCNAQ065,36.0713,111.5028,51.5622
XCNAQ398,34.9816,118.2764,81.2046
XCNAQ399,35.0573,118.3418,72.0381
XCNAQ400,35.0896,118.4023,76.2878
XCNAQ401,35.0622,118.2939,77.8793
XCNAQ990,23.8982,100.0782,21.977
XCNAQ989,23.8822,100.0869,36.6544
CN_1269A,28.4231,119.879,38.4081
CN_1267A,28.4514,119.914,34.5078
CN_1268A,28.4586,119.93,42.1876
XCNAQ987,26.8802,100.2497,17.5374
XCNAQ988,26.8906,100.2203,14.1222
XCNAQ986,26.8576,100.2143,16.6614
XCNAQ603,40.9923,113.1306,42.1179
XCNAQ604,41.0172,113.084,48.3786
XCNAQ594,39.6667,106.7907,53.1598
XCNAQ593,39.6969,106.8089,51.3182
XCNAQ592,39.6719,106.8219,60.1834
CN_1495A,43.8729,87.4171,68.3824
CN_1494A,43.831,87.6431,54.7138
CN_1491A,43.768,87.6046,50.7358
CN_1492A,43.9469,87.4753,92.1468
CN_1490A,43.8303,87.5801,72.6231
CN_1496A,43.962,87.6444,65.4033
CN_1493A,43.8711,87.5525,67.5242
XCNAQ923,29.5441,103.7714,50.8339
XCNAQ926,29.5634,103.757,58.835
XCNAQ925,29.6007,103.7506,55.688
XCNAQ924,29.5844,103.7627,54.6068
XCNAQ1274,29.5467,103.7705,52.3522
XCNAQ148,29.6535,116.0174,39.6059
XCNAQ151,29.6816,115.9872,54.7462
XCNAQ147,29.5867,115.9936,24.8719
XCNAQ153,29.7534,116.0726,51.3299
XCNAQ146,29.6039,115.9114,53.9005
XCNAQ150,29.7048,115.9581,49.6559
XCNAQ152,29.7292,115.988,51.0056
XCNAQ210,34.7916,111.1858,80.8767
XCNAQ443,22.9394,112.0369,30.2823
XCNAQ444,22.9168,112.0392,32.7001
XCNAQ445,22.9539,112.0539,37.2625
XCNAQ1096,44.1756,87.5475,57.1936
XCNAQ346,39.1447,106.6752,36.3253
XCNAQ715,33.8561,115.7831,62.9135
XCNAQ714,33.8399,115.8067,56.1832
XCNAQ1088,43.9403,81.2814,39.9486
XCNAQ1089,43.895,81.2867,39.4173
XCNAQ1090,43.941,81.3364,45.0685
CN_1378A,23.1886,112.863,41.6087
CN_1377A,23.1572,112.885,40.2662
CN_1372A,23.0395,113.105,41.0728
CN_1373A,23.0467,113.144,37.4649
CN_1375A,22.7628,113.257,42.2698
CN_1371A,23.0048,113.134,38.0503
CN_1374A,22.8054,113.292,39.2081
CN_1376A,22.8693,112.844,36.673
CN_1052A,38.8957,115.5223,108.1266
CN_1054A,38.8416,115.4612,102.5492
CN_1053A,38.9108,115.4713,97.1782
CN_1051A,38.8632,115.493,104.7609
CN_1056A,38.8707,115.5214,105.721
CN_1055A,38.8756,115.442,98.2648
XCNAQ982,25.1328,99.1711,35.7851
XCNAQ983,25.1081,99.1678,37.9988
XCNAQ558,32.1403,114.0122,61.2812
XCNAQ560,32.1383,114.0614,71.1552
XCNAQ559,32.1342,114.0681,76.1918
XCNAQ557,32.1078,114.1044,70.4903
XCNAQ351,44.3335,84.8983,40.1816
XCNAQ713,31.7712,116.5661,58.6894
XCNAQ712,31.7797,116.5068,51.556
XCNAQ711,31.7618,116.478,56.5835
XCNAQ710,31.7371,116.508,58.5797
XCNAQ968,26.5506,104.9544,39.9362
XCNAQ967,26.5894,104.8475,46.887
XCNAQ966,26.5939,104.89,43.4933
XCNAQ964,26.5892,104.8,33.7201
XCNAQ965,26.5917,104.83,45.8409
CN_1476A,36.1031,103.631,60.3753
CN_1477A,35.94,104.148,39.1815
CN_1478A,36.0725,103.8409,44.5571
CN_1475A,36.0756,103.712,50.5228
CN_1479A,36.0464,103.831,49.3435
XCNAQ167,36.6572,119.1613,62.0028
XCNAQ920,29.5947,105.0717,60.63
XCNAQ921,29.5817,105.0653,62.7506
XCNAQ922,29.5822,105.0406,58.6387
XCNAQ919,29.5953,105.0331,60.4156
XCNAQ962,27.8847,102.2689,27.4031
XCNAQ961,27.8978,102.2625,24.6087
XCNAQ960,27.8408,102.2714,23.23
XCNAQ963,27.8953,102.2311,32.1535
XCNAQ959,27.8094,102.3419,20.4478
XCNAQ163,36.7305,119.0919,66.6442
XCNAQ078,40.5905,110.0067,52.7329
XCNAQ422,40.5546,110.0377,50.622
XCNAQ079,40.6575,109.8104,52.731
XCNAQ077,40.6532,109.8756,45.6694
XCNAQ365,40.6288,109.8654,52.7209
XCNAQ080,40.6821,109.8538,46.6104
CN_1001A,39.8673,116.366,82.5258
CN_1003A,39.9522,116.434,85.1568
CN_1005A,39.9716,116.473,84.096
CN_1012A,39.9279,116.225,81.4982
CN_1004A,39.8745,116.434,81.0938
CN_1011A,39.9799,116.4,80.1255
CN_1006A,39.9425,116.361,80.4293
CN_1002A,40.2864,116.17,63.9475
CN_1009A,40.3937,116.644,69.9532
CN_1010A,40.1952,116.23,69.2007
CN_1007A,39.9934,116.315,79.6961
CN_1008A,40.1438,116.72,79.8183
XCNAQ275,21.5233,109.1778,31.8861
XCNAQ276,21.4661,109.0981,28.5782
XCNAQ274,21.4086,109.1436,28.5133
XCNAQ277,21.5958,109.2256,34.9716
XCNAQ822,32.6389,110.7258,60.9284
XCNAQ820,32.395,111.0419,41.5302
XCNAQ821,32.6494,110.78,56.9603
XCNAQ823,32.5713,110.8839,49.8602
CN_1154A,32.0144,118.777,56.6304
CN_1159A,32.1049,118.907,52.5483
CN_1158A,32.0092,118.737,61.7546
CN_1153A,32.0723,118.778,57.2462
CN_1157A,32.0964,118.6414,54.6961
CN_1156A,32.0775,118.795,49.8463
CN_1155A,32.0314,118.803,61.3566
CN_1152A,32.0572,118.749,56.3209
CN_1151A,32.1083,118.803,64.9638
XCNAQ288,30.8023,106.0789,60.371
XCNAQ287,30.8217,106.1031,63.9794
XCNAQ284,30.7636,106.0642,59.3217
XCNAQ289,30.8388,106.1087,58.251
XCNAQ285,30.8064,106.056,48.0039
XCNAQ286,30.7856,106.1064,63.7647
CN_1405A,22.7906,108.439,38.4976
CN_1402A,22.8561,108.316,45.3555
CN_1406A,22.8464,108.239,41.7378
CN_1404A,22.805,108.383,35.8959
CN_1403A,22.8225,108.321,38.137
CN_1401A,22.7875,108.301,41.9637
CN_1408A,22.7833,108.244,43.0519
CN_1407A,22.735,108.328,44.2691
XCNAQ734,26.6272,118.1756,27.9148
XCNAQ732,26.6383,118.1694,30.2042
XCNAQ733,26.6514,118.1819,28.824
XCNAQ731,26.6761,118.0966,16.2209
CN_1293A,28.6969,115.973,42.7501
CN_1294A,28.6869,115.852,35.2572
CN_1292A,28.7442,115.813,33.9784
CN_1296A,28.7994,115.742,28.1396
CN_1290A,28.6844,115.893,45.8893
CN_1291A,28.6839,115.8886,45.8288
CN_1298A,28.6844,115.931,38.9527
CN_1297A,28.6131,115.912,53.0498
CN_1295A,28.6425,115.892,47.8585
XCNAQ070,36.0416,111.4916,53.4995
XCNAQ806,33.027,112.5573,64.8846
XCNAQ805,32.9735,112.5003,73.2145
XCNAQ803,32.9917,112.5192,82.6574
XCNAQ807,32.9683,112.55,72.5093
XCNAQ804,33.0122,112.5224,76.5246
XCNAQ1079,44.9079,82.0485,24.3592
XCNAQ1080,44.8969,82.0806,34.7862
CN_1287A,24.4766,118.1513,24.06
CN_1289A,24.5058,118.0936,29.241
CN_1286A,24.818,118.1569,30.3707
CN_1288A,24.4458,118.0636,33.7458
XCNAQ048,22.5862,112.5814,42.3013
XCNAQ482,31.955,119.18,50.3963
XCNAQ483,31.955,119.146,48.7061
CN_1271A,31.8766,117.307,64.3576
CN_1277A,31.7956,117.302,61.2502
CN_1275A,31.9438,117.266,71.2591
CN_1270A,31.7848,117.196,59.9385
CN_1278A,31.7386,117.278,64.2128
CN_1272A,31.8706,117.259,66.0851
CN_1276A,31.8585,117.336,70.141
CN_1273A,31.9051,117.16,63.9601
CN_1274A,31.8572,117.25,68.4202
CN_1279A,31.8403,117.1233,63.7471
XCNAQ768,27.11,114.9739,47.0469
XCNAQ769,27.1311,114.99,39.0745
XCNAQ767,27.0658,114.9817,42.1157
XCNAQ770,27.0983,115.0075,41.0448
XCNAQ1073,42.9559,89.1673,71.3371
XCNAQ1072,42.9409,89.191,60.181
XCNAQ591,37.1494,111.7827,44.3353
XCNAQ1105,37.5135,111.1297,55.2536
XCNAQ240,29.3538,113.0019,48.2777
XCNAQ1063,37.9647,106.1532,52.3363
XCNAQ1065,37.9722,106.196,44.4757
XCNAQ1064,37.9844,106.2025,47.7726
XCNAQ562,33.6347,114.6758,78.3088
XCNAQ564,33.6406,114.6369,78.8375
XCNAQ561,33.6128,114.6613,82.867
XCNAQ563,33.5979,114.6546,81.3246
CN_1095A,40.8061,111.7277,37.3661
CN_1092A,40.8452,111.659,47.4314
CN_1097A,40.7612,111.717,35.4645
CN_1090A,40.7579,111.651,43.7269
CN_1094A,40.8369,111.751,43.8764
CN_1091A,40.8033,111.658,46.793
CN_1096A,40.7866,111.551,43.8492
CN_1093A,40.8144,111.608,42.097
XCNAQ837,29.8539,114.2894,53.4788
XCNAQ836,29.8211,114.3231,55.6056
XCNAQ835,29.8181,114.3036,53.622
XCNAQ838,29.8686,114.3372,56.1757
XCNAQ369,34.3311,108.7144,78.7715
XCNAQ323,34.3181,108.6761,55.9417
XCNAQ324,34.3617,108.7233,55.1207
XCNAQ325,34.3956,108.7197,48.0781
XCNAQ1075,42.8328,93.4961,37.7378
XCNAQ1074,42.8172,93.5128,38.1738
CN_1036A,39.6308,118.1662,80.8941
CN_1040A,39.6578,118.1838,87.986
CN_1041A,39.6295,118.1997,88.6813
CN_1038A,39.6407,118.1853,83.5689
CN_1039A,39.6679,118.2185,85.5181
CN_1037A,39.643,118.144,84.4456
XCNAQ808,34.4286,115.6697,75.7656
XCNAQ810,34.4069,115.6386,78.8632
XCNAQ811,34.402,115.6578,73.6129
XCNAQ809,34.429,115.6558,69.7359
XCNAQ1032,33.6263,109.9426,41.9913
XCNAQ1031,33.8715,109.9154,42.8312
XCNAQ532,39.771,98.2908,30.0266
XCNAQ533,39.8578,98.2542,33.1045
XCNAQ1071,36.021,106.2375,35.7869
XCNAQ1070,36.0022,106.2792,40.3404
XCNAQ1069,36.1417,106.2319,39.1246
XCNAQ056,40.0758,113.2994,39.8885
XCNAQ059,40.0917,113.3444,38.2213
XCNAQ057,40.1269,113.2661,40.366
XCNAQ060,40.0844,113.2711,42.7873
XCNAQ058,40.1096,113.3819,39.969
XCNAQ1001,25.5811,100.2171,28.4153
XCNAQ1000,25.7054,100.1542,28.3853
XCNAQ320,24.3411,102.4963,24.4505
XCNAQ1035,34.3469,106.005,24.3132
XCNAQ1037,34.5653,105.8614,45.1679
XCNAQ1036,34.5814,105.7281,37.6675
CN_1018A,39.0927,117.202,72.4834
CN_1015A,39.1654,117.145,68.5602
CN_1019A,39.2261,117.185,75.1564
CN_1016A,39.1205,117.184,71.1793
XCNAQ1110,39.1782,117.1901,67.1344
CN_1027A,38.9194,117.157,84.2639
CN_1017A,39.1081,117.237,68.15
CN_1020A,39.1337,117.269,73.7525
CN_1013A,39.097,117.151,70.6611
CN_1014A,39.173,117.193,72.66
CN_1024A,38.8394,117.457,70.2234
CN_1026A,39.1587,117.764,62.9862
CN_1025A,39.124,117.401,66.8347
CN_1023A,39.0343,117.707,75.461
XCNAQ1116,39.1303,117.4029,61.9912
CN_1021A,39.0877,117.307,66.5537
XCNAQ022,23.6503,113.6247,31.3854
CN_1083A,38.0108,112.434,42.0108
CN_1088A,37.9854,112.549,58.5285
CN_1087A,37.8195,112.57,63.6458
CN_1085A,37.7394,112.5583,62.0513
CN_1081A,37.8873,112.522,61.2306
CN_1084A,37.7124,112.469,60.9988
CN_1086A,37.8692,112.5369,55.2021
CN_1082A,37.9103,112.573,58.2964
CN_1089A,37.7805,112.488,68.9753
XCNAQ877,27.7314,112.0194,46.0201
XCNAQ879,27.7044,111.9892,56.2076
XCNAQ878,27.7569,111.9561,62.449
XCNAQ875,27.725,111.9975,55.3427
XCNAQ832,30.9075,113.942,72.1042
XCNAQ831,30.9285,113.9153,72.6021
XCNAQ741,26.6611,119.5392,29.1161
XCNAQ740,26.6607,119.5202,30.5963
XCNAQ739,26.6946,119.5001,25.632
XCNAQ699,30.6145,116.9894,50.0916
XCNAQ696,30.5103,117.0549,57.6531
XCNAQ698,30.5432,117.0565,45.8196
XCNAQ697,30.5119,117.0331,55.5046
XCNAQ1029,32.6939,109.0281,60.1431
XCNAQ1030,32.6975,109.0072,49.2717
XCNAQ1028,32.6778,109.0311,41.0326
XCNAQ192,36.061,114.483,83.6037
XCNAQ459,36.0902,114.3979,82.2156
XCNAQ193,36.086,114.32,73.6117
XCNAQ195,36.11,114.286,98.6384
XCNAQ194,36.087,114.358,88.1614
XCNAQ970,26.2498,105.9313,31.4965
XCNAQ969,26.2583,105.9608,27.5092
XCNAQ971,26.232,105.9427,30.222
XCNAQ972,26.2443,105.9157,28.22
XCNAQ1050,35.5974,104.6169,38.8355
XCNAQ1049,35.5713,104.6228,44.0315
XCNAQ486,31.354,119.818,46.2063
XCNAQ487,31.371,119.794,52.9213
XCNAQ278,28.7867,104.6061,63.7445
XCNAQ283,28.7661,104.6225,49.7276
XCNAQ280,28.7638,104.6417,59.5017
XCNAQ475,28.7989,104.6789,54.9501
XCNAQ279,28.8194,104.5969,56.8446
XCNAQ281,28.7158,104.5761,57.7415
XCNAQ217,30.6463,111.3547,77.3668
XCNAQ216,30.7157,111.3009,69.0942
XCNAQ465,30.7819,111.3275,69.1061
XCNAQ466,30.6966,111.2628,66.3935
XCNAQ467,30.698,111.2992,70.2449
XCNAQ772,27.8014,114.3806,39.0771
XCNAQ775,27.8072,114.4011,49.6609
XCNAQ774,27.7914,114.3703,39.1843
XCNAQ773,27.7842,114.3953,34.4409
XCNAQ771,27.8036,114.3442,52.767
XCNAQ371,34.3622,107.2386,61.5167
XCNAQ329,34.3671,107.1906,43.6822
XCNAQ448,34.3708,107.1586,49.9384
XCNAQ332,34.3739,107.1186,56.3296
XCNAQ372,34.3497,107.2058,60.5339
XCNAQ331,34.3547,107.1431,56.823
XCNAQ330,34.3016,107.0708,48.4065
XCNAQ333,34.3528,107.3906,72.3993
XCNAQ721,30.9431,118.7175,56.8382
XCNAQ720,30.9742,118.7386,40.5011
XCNAQ719,30.9447,118.7581,47.8807
XCNAQ708,33.6284,116.9677,63.4965
XCNAQ709,33.6306,116.989,62.7362
XCNAQ707,33.6466,116.9816,60.347
CN_1222A,33.9506,118.321,60.4926
CN_1221A,33.9592,118.2442,55.9113
CN_1220A,33.9528,118.293,58.5899
CN_1219A,33.96,118.266,67.845
XCNAQ509,30.049,119.946,50.4735
XCNAQ510,30.051,119.9589,55.0739
XCNAQ2876,36.864,118.78,86.024
XCNAQ2877,36.881,118.746,83.6586
XCNAQ1011,29.261,91.7706,24.9256
XCNAQ1010,29.2313,91.7608,13.2566
XCNAQ468,29.474,113.27,52.6712
XCNAQ2797,29.4758,113.2621,52.6391
XCNAQ469,29.3578,113.1094,48.6113
XCNAQ2798,29.4402,112.9943,48.2657
XCNAQ241,29.4251,113.1493,57.4018
XCNAQ238,29.3678,113.1772,55.7124
XCNAQ470,29.355,113.2117,56.6074
XCNAQ910,22.3708,107.3701,38.2508
XCNAQ909,22.4137,107.3476,38.7622
XCNAQ945,31.8448,106.7617,35.3626
XCNAQ947,31.85,106.7255,44.8035
XCNAQ948,31.8434,106.7656,28.1454
XCNAQ946,31.8688,106.7429,36.3535
XCNAQ602,40.7378,107.3715,44.162
XCNAQ600,40.9159,107.5936,44.8808
XCNAQ601,40.7608,107.4211,47.8361
XCNAQ222,29.0411,111.668,46.4149
XCNAQ347,40.0036,106.6097,59.5752
XCNAQ223,29.0246,111.7045,54.5392
XCNAQ205,35.2355,113.2611,87.4764
XCNAQ319,24.3602,102.5433,27.3691
XCNAQ067,36.0977,111.5125,58.5655
XCNAQ185,34.67,112.4333,66.6535
CN_1197A,31.7786,119.933,58.2802
CN_1201A,31.9108,119.905,54.9997
CN_1196A,31.7586,119.996,58.9532
CN_1198A,31.8089,119.962,59.7556
CN_1200A,31.7039,119.935,59.9168
XCNAQ224,28.9703,111.6975,52.7741
XCNAQ1267,29.0244,111.7044,54.5349
XCNAQ1268,29.0381,111.6794,46.442
XCNAQ2799,29.1456,111.7158,35.3375
XCNAQ1269,29.0239,111.6753,53.1085
XCNAQ1043,35.5304,106.7066,50.6133
XCNAQ1042,35.5461,106.6692,47.299
XCNAQ544,36.792,119.952,57.0712
XCNAQ545,36.799,119.976,47.8263
XCNAQ202,33.737,113.182,78.6125
XCNAQ201,33.7209,113.322,89.33
XCNAQ200,33.739,113.292,91.6914
XCNAQ203,33.7214,113.3064,92.2607
XCNAQ913,32.4246,105.8153,22.2918
XCNAQ914,32.4285,105.8624,22.8777
XCNAQ912,32.4429,105.8242,24.385
XCNAQ911,32.4535,105.8945,17.7519
XCNAQ934,30.484,106.6439,44.6731
XCNAQ933,30.4663,106.6271,48.9408
XCNAQ931,30.518,106.631,35.3715
XCNAQ932,30.4576,106.6303,49.5637
XCNAQ935,30.4551,106.6388,50.0481
CN_1353A,23.2783,113.568,37.3165
XCNAQ1179,23.1323,113.3208,39.1607
CN_1346A,23.105,113.261,42.5174
CN_1349A,23.105,113.433,36.9403
CN_1352A,23.1331,113.26,39.7726
CN_1355A,23.5538,113.589,35.2959
CN_1348A,23.0916,113.348,37.2276
CN_1345A,23.1422,113.235,41.3507
CN_1350A,22.9477,113.352,42.2219
CN_1351A,23.3917,113.215,38.999
CN_1354A,23.1569,113.281,34.5391
XCNAQ1046,35.7289,107.6831,34.4777
XCNAQ1048,35.7067,107.6364,32.4477
XCNAQ1047,35.5236,107.6406,42.8198
XCNAQ534,41.7511,86.1461,55.5901
XCNAQ535,41.7192,86.2022,49.8377
XCNAQ536,41.7128,86.2381,40.3775
CN_1070A,39.5343,116.7464,80.2499
CN_1068A,39.5747,116.7729,90.3866
CN_1069A,39.5499,116.702,83.52
CN_1067A,39.5178,116.6838,84.4646
XCNAQ334,36.5767,109.4824,42.6086
XCNAQ336,36.6028,109.4761,45.837
XCNAQ335,36.6275,109.4131,33.4805
XCNAQ373,36.6106,109.5056,56.268
XCNAQ198,34.7967,114.2886,72.9935
XCNAQ460,34.7975,114.3733,68.7307
XCNAQ461,34.8002,114.3466,72.907
XCNAQ462,34.7781,114.3389,76.1458
XCNAQ2489,34.8022,114.3406,72.8648
CN_1060A,40.7688,114.9032,36.305
CN_1059A,40.8115,114.8814,30.5842
CN_1057A,40.8367,114.8985,37.109
CN_1061A,40.8725,114.904,34.4941
CN_1058A,40.85,114.85,32.0006
XCNAQ471,29.3547,110.5594,36.5374
XCNAQ472,29.1389,110.48,58.7314
XCNAQ244,29.1242,110.4697,62.4736
XCNAQ242,29.315,110.4417,40.7411
XCNAQ1040,38.9467,100.4686,39.3728
XCNAQ1041,38.9388,100.4497,44.2875
CN_1182A,34.2778,117.2933,63.1375
CN_1180A,34.2153,117.256,60.6992
CN_1181A,34.2911,117.244,68.6744
CN_1178A,34.2328,117.1917,65.2464
CN_1179A,34.3083,117.192,66.2797
CN_1183A,34.1806,117.166,62.1042
CN_1177A,34.2761,117.167,61.3143
XCNAQ1002,24.428,98.5842,26.5891
XCNAQ1003,24.441,98.578,35.0578
XCNAQ421,37.4664,116.3061,85.2104
XCNAQ402,37.4489,116.3189,92.4247
XCNAQ403,37.4654,116.3116,103.3273
XCNAQ298,31.1208,104.4218,43.7005
XCNAQ299,31.1167,104.4053,51.2873
XCNAQ297,31.1108,104.3539,61.3197
XCNAQ296,31.1333,104.3883,57.707
XCNAQ590,38.4928,112.7003,65.4627
XCNAQ589,38.4519,112.7383,53.8744
XCNAQ588,38.4186,112.7356,55.5631
XCNAQ872,27.5342,109.9792,48.9035
XCNAQ874,27.583,110.0394,53.3972
XCNAQ870,27.5733,109.9333,49.7877
XCNAQ871,27.5444,109.9453,59.0732
XCNAQ873,27.5578,109.9972,43.7232
XCNAQ1004,25.8567,98.8601,21.296
XCNAQ1005,25.8417,98.8546,22.0394
XCNAQ843,30.2819,109.4689,54.5986
XCNAQ842,30.2989,109.5039,53.06
CN_1393A,23.0799,114.4053,28.2541
CN_1396A,22.7422,114.5317,24.5624
CN_1395A,22.8172,114.3244,25.8475
CN_1394A,23.1142,114.4103,27.6964
CN_1392A,23.0528,114.4183,30.6788
CN_1433A,30.5706,104.0789,61.6289
CN_1437A,30.6578,104.054,69.9035
CN_1432A,30.6872,104.176,64.7015
XCNAQ1166,30.6531,104.0786,55.2686
CN_1435A,30.685,104.074,64.2238
CN_1434A,30.63,104.1113,60.0827
CN_1438A,31.0283,103.613,41.7339
CN_1436A,30.6544,104.026,67.1004
CN_1431A,30.7235,103.9727,67.9682
CN_1184A,32.3878,119.46,57.7454
CN_1185A,32.3972,119.3633,53.6237
CN_1187A,32.4033,119.439,54.8322
CN_1186A,32.3761,119.389,52.1449
CN_1063A,40.9843,117.9525,41.5947
CN_1064A,40.9358,117.963,46.3911
CN_1065A,40.9733,117.8184,41.5649
CN_1066A,41.011,117.938,37.2961
CN_1062A,40.9161,117.9664,41.5576
XCNAQ780,27.9647,116.385,42.0206
XCNAQ777,27.9883,116.3553,43.059
XCNAQ778,27.9639,116.3598,40.3309
XCNAQ779,28.0005,116.3574,38.1148
CN_1456A,29.6514,91.1319,28.3117
CN_1458A,29.6475,91.0874,19.4659
CN_1460A,29.6588,90.9798,35.9516
CN_1457A,29.6747,91.1221,30.0723
CN_1461A,29.6292,91.0834,16.8382
CN_1459A,29.6541,91.1774,18.7635
XCNAQ428,23.5738,116.3594,38.6996
XCNAQ426,23.5352,116.3697,37.1981
XCNAQ429,23.5486,116.3241,33.9787
XCNAQ1148,23.5353,116.3697,32.866
XCNAQ427,23.5292,116.4094,46.2031
XCNAQ1149,23.5486,116.3242,29.7899
XCNAQ308,26.5017,101.7453,29.4802
XCNAQ1109,26.567,101.7227,28.9203
XCNAQ306,26.5709,101.6891,34.9221
XCNAQ304,26.5928,101.5769,32.9355
XCNAQ305,26.585,101.7169,31.1423
XCNAQ996,23.3594,104.2533,50.6379
XCNAQ997,23.3892,104.2319,23.9566
XCNAQ790,35.272,113.884,89.9237
XCNAQ791,35.303,113.883,89.8249
XCNAQ789,35.31,113.836,92.6319
XCNAQ788,35.2824,113.9362,90.8778
XCNAQ752,27.7758,115.0586,37.4456
XCNAQ755,27.8036,114.9314,43.4331
XCNAQ756,27.8042,114.9119,41.323
XCNAQ754,27.8328,114.9289,39.797
XCNAQ753,27.8344,114.9831,34.7153
XCNAQ1012,29.2718,88.8876,22.9559
XCNAQ1013,29.2365,88.8931,25.2417
XCNAQ184,35.4234,119.5198,57.9616
XCNAQ182,35.4178,119.4641,65.8644
CN_1453A,25.0405,102.722,31.8384
CN_1449A,25.0124,102.743,34.293
CN_1450A,24.8885,102.821,24.1411
CN_1455A,25.0359,102.638,28.952
CN_1451A,24.9624,102.625,21.086
CN_1454A,25.067,102.681,33.7672
CN_1452A,25.0836,102.728,25.8062
XCNAQ1076,44.1564,87.9897,28.2861
XCNAQ1077,44.0114,87.2997,42.4177
XCNAQ1078,44.0297,87.2717,48.9788
XCNAQ1009,31.1254,97.1808,25.4731
XCNAQ1008,31.1278,97.1804,21.8813
XCNAQ985,27.3361,103.7225,30.0799
XCNAQ984,27.3392,103.7032,37.1589
XCNAQ581,37.7111,112.7306,55.2161
XCNAQ582,37.7087,112.7105,60.7741
XCNAQ579,37.7019,112.7549,53.1647
XCNAQ570,35.4883,112.8564,59.0226
XCNAQ571,35.4894,112.8664,53.5504
XCNAQ572,35.4813,112.8252,55.0245
XCNAQ569,35.4934,112.835,54.8056
XCNAQ573,35.4908,112.8517,55.9315
XCNAQ568,35.5051,112.85,61.2784
XCNAQ1098,22.7633,100.98,22.9464
XCNAQ1099,22.8322,100.9817,26.7636
XCNAQ744,29.2786,117.1983,49.3508
XCNAQ745,29.2647,117.1558,43.1787
XCNAQ742,29.3864,117.3097,32.7097
XCNAQ743,29.2958,117.2111,43.5754
XCNAQ746,29.2956,117.2461,43.1851
XCNAQ476,25.5364,103.8,29.4639
XCNAQ322,25.5035,103.7897,30.571
XCNAQ576,39.3179,112.4254,57.3272
XCNAQ578,39.3673,112.4279,45.2661
XCNAQ577,39.3265,112.4078,49.6765
XCNAQ574,39.3514,112.44,58.367
XCNAQ575,39.3606,112.4549,49.3556
XCNAQ908,23.7369,109.2317,43.1265
XCNAQ907,23.7208,109.2131,43.0272
CN_1225A,29.635,119.026,31.6933
XCNAQ1019,29.6632,94.3616,10.3496
XCNAQ1018,29.6376,94.3681,11.2059
XCNAQ1060,34.4714,100.2561,43.7625
XCNAQ172,34.5667,117.732,85.9249
XCNAQ169,35.0992,117.4518,76.1266
XCNAQ170,34.7745,117.5852,88.4466
XCNAQ168,34.864,117.5564,86.7379
XCNAQ171,34.7837,117.2852,94.011
XCNAQ367,24.3158,109.4839,43.1518
XCNAQ273,24.3663,109.3957,54.9755
XCNAQ272,24.299,109.4221,50.6267
XCNAQ368,24.3898,109.4883,44.9222
XCNAQ270,24.3405,109.3886,52.4629
XCNAQ271,24.3304,109.4108,49.7135
XCNAQ447,27.9958,113.1817,49.3724
XCNAQ231,27.8336,113.251,47.5451
XCNAQ232,27.8244,113.135,58.7731
XCNAQ234,27.8667,113.167,52.5708
XCNAQ233,27.8528,113.13,54.7622
XCNAQ235,27.8867,113.095,60.2414
XCNAQ230,27.8381,113.143,57.3642
XCNAQ269,25.2178,110.2869,49.3391
XCNAQ537,25.3167,110.4144,40.6414
XCNAQ267,25.2697,110.2819,51.8879
XCNAQ266,25.2708,110.3089,50.9341
XCNAQ434,24.3289,116.1278,32.5511
XCNAQ435,24.2719,116.0797,34.4697
XCNAQ436,24.2654,116.1248,35.2788
XCNAQ884,23.475,111.3178,32.3988
XCNAQ883,23.4792,111.2897,36.0374
XCNAQ885,23.415,111.2353,36.1165
XCNAQ886,23.4793,111.26,39.3942
XCNAQ991,25.0441,101.5482,20.5694
XCNAQ992,25.0492,101.538,23.7624
XCNAQ1025,38.2911,109.7456,39.7766
XCNAQ1026,38.2839,109.7289,39.3289
XCNAQ1027,38.2478,109.7336,36.7545
XCNAQ1024,38.3344,109.7414,42.7257
XCNAQ292,29.3563,104.7747,69.136
XCNAQ1038,37.9311,102.6219,38.7553
XCNAQ1039,37.9358,102.6469,43.6336
CN_1325A,30.5719,114.3672,68.5415
CN_1332A,30.4612,114.393,67.145
CN_1333A,30.6414,114.2131,73.2994
CN_1328A,30.5494,114.3006,71.3483
CN_1331A,30.5943,114.3019,64.7353
XCNAQ219,30.5947,114.3008,64.7016
CN_1327A,30.6197,114.2836,70.9652
CN_1326A,30.5514,114.2511,72.5566
CN_1334A,30.2997,113.8531,63.6058
CN_1330A,30.4753,114.1525,65.9402
CN_1329A,30.6103,114.4272,76.6805
XCNAQ975,27.3125,105.2864,30.1563
XCNAQ976,27.2944,105.31,33.0564
XCNAQ149,29.6926,116.0626,50.9995
XCNAQ869,26.4519,111.5989,54.3879
XCNAQ866,26.4214,111.6156,55.1722
XCNAQ868,26.4364,111.5992,52.6988
XCNAQ867,26.2331,111.6236,49.575
XCNAQ865,26.2081,111.6217,55.604
XCNAQ1023,33.0323,107.007,55.8887
XCNAQ1021,33.0706,107.0154,56.1452
XCNAQ1020,33.1841,106.9893,46.7584
XCNAQ1022,33.1138,107.0089,58.9462
XCNAQ556,23.4188,117.0257,27.3551
XCNAQ247,23.2536,116.4019,42.0507
XCNAQ249,23.2539,116.6092,32.0349
XCNAQ248,23.4714,116.7519,33.0068
XCNAQ245,23.2775,116.7258,28.5415
XCNAQ246,23.3667,116.6794,31.0279
XCNAQ250,23.3633,116.7244,28.7117
XCNAQ438,22.7898,115.3706,28.548
XCNAQ437,22.775,115.3653,26.6079
XCNAQ439,22.7925,115.3622,29.0376
CN_1386A,22.5931,113.0819,34.8668
CN_1383A,22.6069,113.104,33.863
CN_1385A,22.5328,113.024,30.4064
CN_1384A,22.5811,113.074,39.293
XCNAQ718,30.6539,117.4974,35.0872
XCNAQ717,30.6617,117.4697,32.8046
XCNAQ716,30.6614,117.4906,34.9774
CN_1073A,38.3228,116.8709,63.3621
CN_1071A,38.2991,116.8854,71.891
CN_1072A,38.3254,116.8584,74.0841
XCNAQ904,24.7121,108.2134,34.2027
XCNAQ905,24.6927,108.054,46.8772
XCNAQ906,24.6967,108.1009,46.0257
XCNAQ1145,23.7586,114.6944,33.6128
XCNAQ415,23.7566,114.6995,34.7409
XCNAQ416,23.657,114.6878,35.4473
XCNAQ417,23.7227,114.6949,35.8254
XCNAQ1144,23.7569,114.6778,35.3255
XCNAQ1146,23.7232,114.6892,34.7247
XCNAQ145,24.9424,118.6663,26.1418
XCNAQ144,24.8978,118.5972,28.9905
XCNAQ143,24.9117,118.5819,28.3713
XCNAQ142,24.9617,118.6108,22.9663
XCNAQ154,36.1942,117.0881,62.9975
XCNAQ156,36.1758,117.1081,74.1019
XCNAQ155,36.1942,117.1436,69.8348
CN_1206A,32.4878,119.905,61.9303
CN_1209A,32.4639,119.888,59.9576
CN_1207A,32.4627,119.9192,58.6514
CN_1208A,32.303,119.882,62.0993
XCNAQ312,28.9583,105.4306,56.2964
XCNAQ309,28.8558,105.4322,63.2384
XCNAQ310,28.9026,105.4436,64.298
XCNAQ311,28.8833,105.4322,56.4456
XCNAQ190,34.6691,112.3628,73.5534
XCNAQ188,34.6511,112.3939,71.7755
XCNAQ187,34.6258,112.4275,73.4927
XCNAQ186,34.6231,112.3844,74.6822
XCNAQ189,34.6869,112.4831,70.9659
XCNAQ191,34.6869,112.4664,74.5133
CN_1300A,36.67,116.93,93.8307
CN_1305A,36.6622,117.049,95.3435
CN_1301A,36.6739,117.114,75.1619
CN_1304A,36.6489,116.943,93.439
CN_1302A,36.6872,116.989,97.5241
CN_1303A,36.6868,117.0684,91.6619
CN_1299A,36.6114,116.988,87.3337
XCNAQ542,36.7098,117.5412,71.247
XCNAQ519,36.6763,117.5128,69.0061
CN_1306A,36.5336,116.734,90.1081
XCNAQ179,35.428,116.6305,76.9078
XCNAQ181,35.4039,116.5546,83.915
XCNAQ180,35.4144,116.5856,84.3574
XCNAQ1056,36.4985,102.1157,57.4326
XCNAQ1057,36.9639,100.9048,39.3679
XCNAQ1059,36.2866,100.6187,42.9711
CN_1409A,19.9507,110.576,18.317
CN_1410A,20.0574,110.3232,21.352
CN_1412A,19.9969,110.338,22.3923
CN_1411A,20.0052,110.283,23.1411
CN_1413A,20.0356,110.33,21.4557
XCNAQ1062,37.3753,97.373,38.6144
XCNAQ162,36.8041,117.8512,99.3289
XCNAQ157,36.838,118.0448,81.2509
XCNAQ159,36.8088,118.0482,83.0683
XCNAQ160,36.497,117.8477,85.0303
XCNAQ158,36.8198,118.3092,88.2927
XCNAQ688,33.8997,116.8067,64.3194
XCNAQ687,33.975,116.8008,53.4578
XCNAQ689,33.9461,116.7844,57.5915
XCNAQ685,32.6319,116.8306,49.9453
XCNAQ683,32.6524,117.0066,47.7725
XCNAQ682,32.7639,116.8028,48.4522
XCNAQ686,32.625,116.7039,52.961
XCNAQ684,32.6028,116.8556,58.5404
CN_1211A,33.575,119.007,60.7682
CN_1212A,33.6066,118.989,55.0705
CN_1213A,33.5039,119.135,57.1183
CN_1214A,33.6297,119.0186,58.694
CN_1210A,33.5981,119.036,58.1785
CN_1358A,22.5417,113.987,30.3549
CN_1359A,22.5167,113.923,30.676
CN_1363A,22.5422,114.494,26.3756
CN_1365A,22.5978,114.297,26.7617
CN_1357A,22.5625,114.117,30.8786
CN_1360A,22.5908,114.263,23.0042
CN_1356A,22.55,114.096,28.3914
CN_1364A,22.6342,114.41,27.0629
CN_1362A,22.5794,113.891,35.0176
CN_1366A,22.75,114.085,37.5749
CN_1361A,22.7267,114.24,33.2664
XCNAQ418,23.7106,113.0208,35.8381
XCNAQ419,23.6598,113.0563,31.7224
XCNAQ420,23.6936,113.0425,33.5582
XCNAQ1147,23.6351,113.0682,31.6121
XCNAQ338,34.493,109.4636,63.0993
XCNAQ337,34.5101,109.5293,55.0038
XCNAQ339,34.5004,109.5049,55.6369
XCNAQ374,34.5021,109.4266,60.6289
XCNAQ228,27.8159,112.9227,58.8701
XCNAQ226,27.8403,112.9118,55.0703
XCNAQ361,27.9153,113.0048,60.1589
XCNAQ227,27.8614,112.9433,54.9125
XCNAQ225,27.8728,112.8937,55.7698
XCNAQ229,27.9119,112.9074,55.2888
XCNAQ362,27.9164,112.4876,64.5075
XCNAQ882,28.2675,109.6958,51.7437
XCNAQ881,28.3169,109.7325,44.4132
XCNAQ880,28.2558,109.6414,36.626
XCNAQ252,21.2567,110.4558,23.7994
XCNAQ257,21.2228,110.3928,25.808
XCNAQ251,21.2706,110.3539,32.0152
XCNAQ253,21.1997,110.4019,28.283
XCNAQ256,21.2028,110.4111,25.9789
XCNAQ254,21.2679,110.3316,31.3651
XCNAQ494,31.4,119.46,59.6316
XCNAQ495,31.317,119.438,58.5869
XCNAQ702,32.2786,118.3244,59.6733
XCNAQ703,32.3061,118.3158,63.1446
XCNAQ701,32.3153,118.3094,63.4676
XCNAQ404,37.393,117.9776,77.4173
XCNAQ405,37.3803,118.0062,78.7742
XCNAQ406,37.3617,118.0018,81.2444
XCNAQ799,33.567,114.056,82.9715
XCNAQ802,33.5653,114.0322,79.0346
XCNAQ801,33.581,114.014,77.4793
XCNAQ800,33.568,114.005,77.5425
XCNAQ567,24.4674,117.6336,31.973
XCNAQ566,24.5157,117.6569,32.8037
XCNAQ565,24.506,117.7116,35.746
XCNAQ165,36.7019,119.12,73.6081
XCNAQ164,36.7731,119.1939,70.8687
XCNAQ528,36.8587,118.7868,85.9349
XCNAQ529,36.8685,118.7355,83.5859
XCNAQ166,36.7008,119.1425,68.8733
XCNAQ425,23.653,116.6175,42.5911
XCNAQ424,23.6706,116.6447,34.7355
XCNAQ423,23.6713,116.6339,39.2587
XCNAQ795,35.767,115.0772,80.7174
XCNAQ794,35.7672,115.0628,80.4496
XCNAQ792,35.763,115.031,75.7924
XCNAQ793,35.7664,114.9937,82.7078
XCNAQ207,35.213,113.227,77.1009
XCNAQ204,35.259,113.1992,65.5261
XCNAQ206,35.1764,113.2464,92.9974
XCNAQ899,22.6164,110.1433,41.5539
XCNAQ897,22.7018,110.1106,37.218
XCNAQ898,22.6411,110.1675,39.6197
XCNAQ1061,33.0013,97,19.0995
XCNAQ318,24.3694,102.5778,20.2704
CN_1368A,22.2293,113.495,31.8601
CN_1367A,22.2611,113.574,31.2731
CN_1369A,22.4251,113.628,32.0939
CN_1370A,22.2281,113.299,29.261
XCNAQ1055,35.0003,102.905,37.9957
XCNAQ957,30.0471,101.9627,26.3246
XCNAQ958,30.0475,101.9603,15.4895
XCNAQ1034,36.5481,104.1731,38.3278
XCNAQ1033,36.5458,104.1731,47.2406
XCNAQ221,29.0755,111.73,35.3032
XCNAQ901,23.8844,106.6527,44.2434
XCNAQ900,23.9011,106.6103,43.9032
XCNAQ857,28.56,112.3439,53.5633
XCNAQ856,28.5808,112.3458,46.1672
XCNAQ855,28.6428,112.4067,57.3136
XCNAQ858,28.6047,112.3347,46.0318
XCNAQ859,28.5819,112.3744,53.7458
XCNAQ290,29.3586,104.7213,80.0027
XCNAQ930,30.062,103.8341,64.3258
XCNAQ929,30.0691,103.8495,64.6646
XCNAQ928,30.0874,103.8416,65.561
XCNAQ927,30.0506,103.8986,52.317
XCNAQ2872,39.0153,106.3717,59.6793
XCNAQ2873,39.2282,106.7704,36.3268
XCNAQ017,38.817,106.3394,53.509
XCNAQ478,39.1292,106.7097,48.4565
CN_1033A,38.0177,114.533,92.2799
CN_1034A,38.0524,114.5214,87.4686
CN_1028A,38.0477,114.55,88.2756
CN_1035A,37.9097,114.3541,76.5596
CN_1029A,38.0513,114.4548,82.6003
CN_1031A,38.1398,114.5019,96.3328
CN_1032A,38.0058,114.4586,82.8626
CN_1030A,38.0398,114.6046,88.9009
XCNAQ1094,44.2967,86.0497,43.3368
XCNAQ1095,44.3075,86.0697,51.5243
XCNAQ031,23.1077,113.3316,32.4822
CN_1283A,26.1092,119.299,28.7558
CN_1282A,26.0506,119.2681,32.3017
CN_1281A,26.0258,119.414,29.4062
CN_1284A,26.0797,119.268,28.0337
CN_1285A,26.0753,119.315,27.8854
CN_1280A,26.0542,119.389,25.3894
CN_1042A,39.8283,119.5259,48.809
CN_1045A,39.9353,119.5953,49.2909
CN_1046A,39.9418,119.5369,43.1519
CN_1044A,39.9567,119.6023,47.7552
CN_1043A,40.018,119.7624,49.6331
XCNAQ2878,36.71,117.541,71.1677
XCNAQ034,22.0597,112.755,26.8597
XCNAQ032,23.4258,113.0677,40.3127
XCNAQ055,40.0958,113.2858,38.3287
XCNAQ994,23.3993,103.3772,34.9631
XCNAQ995,23.4167,103.386,37.7632
XCNAQ993,23.46,103.3129,32.9348
XCNAQ300,31.5072,104.7283,49.2981
XCNAQ302,31.4747,104.7778,42.9363
XCNAQ301,31.4539,104.7536,45.172
XCNAQ303,31.4656,104.6717,48.8706
XCNAQ450,36.4575,116.0017,85.7893
XCNAQ407,36.4796,115.9835,95.2962
XCNAQ408,36.4372,115.9848,101.9504
CN_1399A,23.1617,112.565,36.6642
CN_1398A,23.0528,112.471,40.0172
CN_1397A,23.0706,112.427,39.5545
XCNAQ291,29.3628,104.7547,74.4461
XCNAQ293,29.3411,104.7692,71.0045
XCNAQ316,27.6877,106.923,43.1482
XCNAQ141,31.3839,118.4022,52.3738
XCNAQ139,31.3139,118.3667,58.981
XCNAQ140,31.3508,118.3528,58.4702
XCNAQ138,31.4189,118.37,52.9483
XCNAQ432,21.6668,110.9067,34.8882
XCNAQ430,21.4689,111.0286,29.1598
XCNAQ431,21.6533,110.9294,31.3707
XCNAQ433,21.6828,110.8592,30.4138
XCNAQ463,30.3175,112.2551,68.5187
XCNAQ214,30.3515,112.2068,69.3118
XCNAQ464,30.3112,112.2883,74.1374
XCNAQ2766,30.3055,112.2887,74.1307
XCNAQ830,31.0354,112.1992,62.1669
XCNAQ828,30.9892,112.1969,69.7585
XCNAQ829,31.0386,112.2211,80.0279
XCNAQ827,31.0483,112.2014,70.2588
XCNAQ726,25.4792,118.981,26.3632
XCNAQ724,25.4556,119.1117,28.6473
XCNAQ725,25.3214,119.1015,32.9535
XCNAQ722,25.442,119.0156,32.3193
XCNAQ723,25.4552,119.0018,30.1861
XCNAQ522,37.18,119.959,57.7672
XCNAQ523,37.177,119.941,53.3829
XCNAQ409,36.2289,117.6789,76.5656
XCNAQ410,36.2054,117.7193,87.6044
XCNAQ411,36.1409,117.559,98.6889
XCNAQ412,35.2375,115.4747,92.8565
XCNAQ413,35.2488,115.4227,89.6199
XCNAQ414,35.27,115.455,96.3309
XCNAQ748,27.6428,113.8381,66.1032
XCNAQ751,27.6178,113.865,56.3369
XCNAQ749,27.6231,113.8447,60.3386
XCNAQ750,27.6442,113.8686,55.3784
XCNAQ747,27.4948,114.0944,23.6711
XCNAQ677,32.935,117.3086,68.292
XCNAQ675,32.939,117.3961,68.1066
XCNAQ679,32.9673,117.3536,64.7105
XCNAQ676,32.9427,117.3605,65.2889
XCNAQ678,32.8913,117.4186,58.9785
XCNAQ680,32.8985,117.3065,56.9332
CN_1076A,37.739,115.6906,100.9857
CN_1075A,37.7379,115.6426,94.2265
CN_1074A,37.7575,115.6951,93.3993
XCNAQ844,26.9089,112.5328,51.3657
XCNAQ847,26.8733,112.6197,53.2487
XCNAQ848,26.8919,112.6006,58.8981
XCNAQ846,26.8956,112.6211,55.6487
XCNAQ849,26.9056,112.5664,52.6456
XCNAQ845,26.9258,112.6194,54.7334
CN_1265A,28.9664,118.871,40.8884
CN_1264A,28.9404,118.871,45.3928
CN_1266A,28.9745,118.855,42.5249
XCNAQ1101,32.0563,112.1392,79.5891
XCNAQ1100,32.0197,112.155,81.0988
XCNAQ1103,32.0903,112.2106,70.3779
XCNAQ1102,32.1141,112.1825,76.0926
XCNAQ999,22.0225,100.8017,41.9482
XCNAQ998,22.0019,100.7938,19.6478
CN_1482A,36.5819,101.834,52.9595
CN_1480A,36.6428,101.748,47.1207
CN_1481A,36.6922,101.749,45.9866
CN_1483A,36.6867,101.524,49.2666
CN_1471A,34.3731,109.2186,54.9801
CN_1463A,34.2629,108.993,45.4469
CN_1465A,34.2324,108.94,55.5134
CN_1466A,34.2712,108.954,65.8516
CN_1474A,34.3274,109.043,59.6746
CN_1473A,34.1978,108.985,58.9584
CN_1464A,34.2572,109.06,67.78
CN_1468A,34.3474,108.935,56.0212
CN_1472A,34.378,108.869,52.9976
CN_1469A,34.1546,108.906,54.7587
CN_1470A,34.6575,109.2,56.5632
CN_1462A,34.2749,108.882,60.9821
CN_1467A,34.2303,108.883,63.2126
XCNAQ036,23.3404,114.1074,32.3397
XCNAQ798,33.9953,113.7906,76.6566
XCNAQ797,34.0343,113.8211,92.4138
XCNAQ796,34.028,113.8274,74.9702
XCNAQ893,23.1478,109.5681,39.0497
XCNAQ894,23.0672,109.6042,43.2232
XCNAQ896,23.1036,109.5683,39.905
XCNAQ895,23.0944,109.6014,43.8031
CN_1444A,26.5155,106.6948,38.3961
XCNAQ1132,26.5153,106.6959,32.7642
CN_1447A,26.5495,106.6867,29.7067
CN_1440A,26.5689,106.6971,43.9212
XCNAQ1134,26.5659,106.7186,39.0308
CN_1446A,26.5697,106.7164,44.0711
CN_1552A,26.3003,106.805,28.3978
XCNAQ1130,26.6339,106.7577,34.6934
CN_1442A,26.6343,106.7487,39.45
CN_1443A,26.4364,106.6554,39.6744
XCNAQ1131,26.4334,106.6625,33.2026
XCNAQ1133,26.5918,106.7141,34.8324
CN_1445A,26.6009,106.7105,40.758
XCNAQ1135,26.6275,106.6255,28.865
CN_1441A,26.6266,106.6243,34.6731
CN_1439A,26.6029,106.6856,35.7595
XCNAQ903,24.4072,111.5622,39.1117
XCNAQ902,24.4175,111.5269,40.7651
XCNAQ953,30.1259,104.6294,39.6164
XCNAQ951,30.1377,104.6289,42.4061
XCNAQ952,30.1142,104.6469,45.3545
XCNAQ949,30.1366,104.6617,31.5907
XCNAQ950,30.1506,104.6356,43.4066
XCNAQ765,25.8471,114.8905,42.2099
XCNAQ763,25.8664,114.9367,41.1526
XCNAQ766,25.8333,114.9322,43.6355
XCNAQ764,25.8481,114.9461,41.0374
XCNAQ762,25.9118,114.9064,34.2647
XCNAQ451,42.2725,118.9572,35.9787
XCNAQ081,42.2556,118.8789,29.7849
XCNAQ083,42.2814,118.9233,43.5817
XCNAQ452,42.2865,118.9323,53.3001
XCNAQ033,22.728,112.929,41.8828
XCNAQ938,31.2108,107.4967,67.0582
XCNAQ940,31.2058,107.4611,70.0699
XCNAQ937,31.215,107.525,60.9595
XCNAQ939,31.1956,107.5069,60.2522
XCNAQ936,31.2797,107.5272,49.1384
XCNAQ586,35.0308,110.9678,73.9306
XCNAQ584,35.0611,111.0233,63.3963
XCNAQ587,35.1147,111.0414,54.5291
XCNAQ583,35.0147,110.9956,67.5142
CN_1175A,34.7507,119.368,51.2954
CN_1173A,34.5885,119.176,57.4446
CN_1176A,34.6984,119.348,51.9889
CN_1174A,34.5896,119.141,56.1049
XCNAQ1006,27.8136,99.7064,17.342
XCNAQ1007,27.8317,99.7056,15.8685
XCNAQ916,30.6133,105.68,49.0832
XCNAQ915,30.5797,105.7519,60.612
XCNAQ918,30.475,105.5956,49.5366
XCNAQ917,30.6347,105.8161,44.8807
XCNAQ317,27.6869,106.9222,42.1144
XCNAQ314,27.7019,106.9242,33.4842
XCNAQ313,27.72,106.9178,44.7471
XCNAQ315,27.6486,106.8906,46.132
CN_1080A,37.062,114.4854,95.3449
CN_1079A,37.0964,114.5331,96.3958
CN_1077A,37.0967,114.4821,99.8941
CN_1078A,37.0533,114.5261,94.658
XCNAQ1015,31.4717,92.052,48.9208
XCNAQ1014,31.4846,92.0657,60.4987
CN_1050A,36.6198,114.4965,87.2102
CN_1048A,36.6164,114.5426,90.0382
CN_1047A,36.6176,114.5129,85.3147
CN_1049A,36.5775,114.5035,95.0518
XCNAQ851,27.2317,111.4733,60.4872
XCNAQ852,27.2582,111.4908,55.2003
XCNAQ850,27.3033,111.5239,50.3849
XCNAQ854,27.2272,111.4328,59.2667
XCNAQ853,27.2537,111.4503,59.7757
CN_1319A,34.802,113.564,100.4361
CN_1321A,34.719,113.734,94.2905
CN_1324A,34.9162,113.6113,96.7377
CN_1322A,34.7496,113.5991,92.641
CN_1323A,34.7538,113.6356,94.0783
CN_1316A,34.7545,113.681,91.7775
CN_1320A,34.7187,113.727,103.8839
CN_1317A,34.7745,113.641,89.5607
CN_1318A,34.8019,113.675,93.4054
XCNAQ862,25.8179,113.0119,51.4336
XCNAQ863,25.807,113.0383,38.8366
XCNAQ864,25.7759,113.0348,35.4265
XCNAQ861,25.8226,113.0116,58.7921
XCNAQ860,25.9061,113.0073,45.624
XCNAQ375,39.5989,109.8119,27.4848
XCNAQ376,39.7884,109.9734,28.9426
XCNAQ377,39.826,109.9486,29.7807
XCNAQ378,39.5986,109.7736,22.6056
XCNAQ379,39.8129,110.0023,29.0955
XCNAQ826,30.4133,114.8131,78.1537
XCNAQ824,30.3944,114.8878,63.714
XCNAQ825,30.3714,114.8989,63.7916
XCNAQ1044,39.746,98.509,45.1358
XCNAQ1045,39.7294,98.5023,46.6409
CN_1417A,29.7228,106.626,57.4636
CN_1419A,29.5186,106.54,57.0873
CN_1430A,29.4272,106.591,54.8029
CN_1420A,29.6219,106.65,53.7626
CN_1416A,29.8264,106.424,55.9346
CN_1426A,29.4892,106.468,59.49
CN_1424A,29.5164,106.512,57.8731
CN_1422A,29.4822,106.364,54.7778
CN_1427A,29.6453,106.562,55.2085
CN_1425A,29.7125,106.617,53.4974
CN_1414A,29.8272,106.379,30.9909
CN_1421A,29.4892,106.634,55.2887
CN_1428A,29.709,106.452,53.7835
CN_1418A,29.5983,106.296,53.6008
CN_1423A,29.5642,106.571,63.8987
CN_1415A,29.5736,106.46,57.4879
CN_1429A,29.389,106.513,56.714
CN_1262A,29.077,119.647,53.5711
CN_1261A,29.1131,119.649,55.0402
CN_1263A,29.1029,119.686,52.9147
XCNAQ496,31.751,119.579,54.6693
XCNAQ497,31.737,119.579,53.459
XCNAQ342,38.5061,102.1708,33.1725
XCNAQ341,38.5247,102.1878,42.4544
XCNAQ477,38.5339,102.1725,29.3751
XCNAQ029,22.9397,114.3806,27.7425
XCNAQ891,21.9508,108.6553,36.5198
XCNAQ890,21.9667,108.6236,36.2641
XCNAQ892,21.743,108.5989,35.3205
XCNAQ974,27.7231,109.1794,28.0516
XCNAQ973,27.7297,109.1916,27.8607
XCNAQ327,35.0994,109.0656,46.7523
XCNAQ370,34.8731,108.9589,61.8151
XCNAQ326,34.9058,108.9344,60.0408
XCNAQ328,35.0697,109.0697,54.517
XCNAQ691,30.9222,117.8078,51.1698
XCNAQ692,30.9414,117.7806,61.6429
XCNAQ693,30.8811,117.7442,58.2949
XCNAQ690,30.9414,117.8178,58.2752
XCNAQ695,30.9697,117.8472,62.4247
XCNAQ694,30.9219,117.8561,56.5548
CN_1489A,38.5036,106.1358,51.7169
CN_1487A,38.4858,106.072,46.9152
CN_1486A,38.4536,106.217,52.0986
CN_1488A,38.4975,106.2328,55.2042
CN_1484A,38.6016,105.9512,36.5909
CN_1485A,38.4744,106.268,44.4242
XCNAQ609,43.9311,116.0781,16.8035
XCNAQ608,43.9317,116.1042,18.0479
CN_1205A,32.1319,119.43,58.96
CN_1203A,32.1883,119.68,59.975
CN_1204A,32.215,119.491,59.0489
CN_1340A,28.2597,112.9792,54.2199
CN_1342A,28.1178,112.9844,63.4289
CN_1344A,28.3586,112.9958,55.9827
CN_1343A,28.1308,112.8908,67.8286
CN_1338A,28.19,112.9394,62.5743
CN_1341A,28.1944,113.0014,66.7754
CN_1335A,28.2325,113.0833,55.9822
CN_1339A,28.1442,112.9956,57.1558
CN_1337A,28.2053,113.0792,61.1291
CN_1336A,28.2189,112.8872,58.9932
XCNAQ062,36.2126,113.0886,63.3725
XCNAQ1178,36.1912,113.1569,63.4572
XCNAQ064,36.1542,113.1097,64.4123
XCNAQ061,36.1939,113.0972,65
XCNAQ363,36.1855,113.0844,67.1743
XCNAQ704,32.8928,115.8275,55.7152
XCNAQ706,32.8603,115.8556,48.9419
XCNAQ889,21.6414,108.3506,29.9048
XCNAQ887,21.6158,108.3411,31.5022
XCNAQ888,21.7631,108.3511,31.8013
XCNAQ442,21.8536,111.9508,33.4313
XCNAQ441,21.8649,111.9494,31.1271
XCNAQ440,21.8586,111.9786,33.3587
XCNAQ074,37.8561,113.5922,67.279
XCNAQ076,37.85,113.5158,37.3151
XCNAQ075,37.8564,113.5753,59.6331
XCNAQ364,37.8694,113.5689,50.5316
XCNAQ073,37.8531,113.6292,63.3356
XCNAQ071,37.8792,113.4922,46.8336
XCNAQ1081,41.1636,80.2828,78.2758
XCNAQ1082,41.1933,80.2955,72.0244
XCNAQ954,31.9286,102.1755,19.0745
XCNAQ956,31.8934,102.2402,17.3861
XCNAQ610,38.8343,105.6775,39.4918
XCNAQ612,38.8516,105.724,40.7571
XCNAQ611,38.843,105.6975,32.7036
XCNAQ1017,32.5039,80.0895,20.9338
XCNAQ1016,32.5,80.1161,16.2002
XCNAQ1051,33.326,105.0822,29.0437
XCNAQ839,31.7275,113.3583,67.1052
XCNAQ840,31.6908,113.3833,62.025
XCNAQ841,31.7308,113.3983,69.3672
XCNAQ941,30.0125,103.009,37.8366
XCNAQ944,29.9816,103.0001,34.6224
XCNAQ943,29.9834,103.0109,32.5807
XCNAQ942,29.9899,103.0013,41.0922
XCNAQ263,24.7959,113.598,30.6118
XCNAQ262,24.7695,113.5866,33.1179
XCNAQ264,24.6863,113.597,37.9014
XCNAQ261,24.8111,113.5593,35.001
XCNAQ265,24.779,113.6734,32.6875
XCNAQ134,31.6411,118.4828,62.477
XCNAQ135,31.7133,118.6439,63.2229
XCNAQ136,31.7506,118.5106,65.1788
XCNAQ133,31.6861,118.5058,55.2444
XCNAQ137,31.6928,118.48,61.9508
XCNAQ814,32.996,113.996,68.549
XCNAQ812,32.965,114.018,78.4504
XCNAQ813,33.0069,114.0131,74.1354
XCNAQ786,35.7511,114.2956,68.355
XCNAQ785,35.9019,114.17,71.5543
XCNAQ787,35.7306,114.2878,67.6102
XCNAQ761,28.2169,116.9983,41.6234
XCNAQ760,28.2264,117.0222,39.9675
XCNAQ758,28.2642,117.0564,40.3794
XCNAQ759,28.2403,117.0281,41.906
XCNAQ757,28.095,116.9622,33.0811
XCNAQ833,30.4462,114.8977,58.7164
XCNAQ834,30.4742,114.9028,58.9651
XCNAQ1058,35.5102,102.0199,52.1303
XCNAQ1106,29.7128,118.3057,40.5775
XCNAQ1107,29.7207,118.3236,38.0436
XCNAQ700,30.2756,118.1371,26.6238
XCNAQ819,30.2099,115.0264,64.5915
XCNAQ817,30.1765,114.955,67.5882
XCNAQ815,30.2331,115.0625,66.0158
XCNAQ818,30.2043,114.8949,68.7617
XCNAQ816,30.2028,115.0767,71.8651
XCNAQ979,26.5747,107.9783,32.8449
XCNAQ980,26.5665,107.9524,30.0157
XCNAQ981,26.2403,107.5228,22.5125
XCNAQ977,25.0925,104.9022,23.2148
XCNAQ978,25.0992,104.8811,16.9479
XCNAQ220,29.0173,111.6862,53.0973
XCNAQ737,25.0661,117.0256,26.0304
XCNAQ738,25.0311,117.0151,21.211
XCNAQ736,25.1035,117.0216,26.581
XCNAQ735,25.1174,117.0181,29.0354
